// GENERATED FILE -- do not hand-edit. Produced by tools/codegen/gen_unicode_tables.py
// against Python's stdlib `unicodedata` (Unicode Character Database version 14.0.0)
// plus https://www.unicode.org/Public/14.0.0/ucd/CompositionExclusions.txt. Re-run the script to regenerate against a newer Unicode version.
#pragma once

#include <cstdint>

namespace loom {
namespace unicode_data {

struct CpRange { char32_t lo; char32_t hi; };
struct CpEntry { char32_t cp; uint8_t value; };
struct CpDecomp { char32_t cp; const char32_t* seq; uint8_t seq_len; };

// 648 ranges, general category L* (\p{L}).
inline constexpr CpRange kLetterRanges[] = {
    {0x000041, 0x00005A},
    {0x000061, 0x00007A},
    {0x0000AA, 0x0000AA},
    {0x0000B5, 0x0000B5},
    {0x0000BA, 0x0000BA},
    {0x0000C0, 0x0000D6},
    {0x0000D8, 0x0000F6},
    {0x0000F8, 0x0002C1},
    {0x0002C6, 0x0002D1},
    {0x0002E0, 0x0002E4},
    {0x0002EC, 0x0002EC},
    {0x0002EE, 0x0002EE},
    {0x000370, 0x000374},
    {0x000376, 0x000377},
    {0x00037A, 0x00037D},
    {0x00037F, 0x00037F},
    {0x000386, 0x000386},
    {0x000388, 0x00038A},
    {0x00038C, 0x00038C},
    {0x00038E, 0x0003A1},
    {0x0003A3, 0x0003F5},
    {0x0003F7, 0x000481},
    {0x00048A, 0x00052F},
    {0x000531, 0x000556},
    {0x000559, 0x000559},
    {0x000560, 0x000588},
    {0x0005D0, 0x0005EA},
    {0x0005EF, 0x0005F2},
    {0x000620, 0x00064A},
    {0x00066E, 0x00066F},
    {0x000671, 0x0006D3},
    {0x0006D5, 0x0006D5},
    {0x0006E5, 0x0006E6},
    {0x0006EE, 0x0006EF},
    {0x0006FA, 0x0006FC},
    {0x0006FF, 0x0006FF},
    {0x000710, 0x000710},
    {0x000712, 0x00072F},
    {0x00074D, 0x0007A5},
    {0x0007B1, 0x0007B1},
    {0x0007CA, 0x0007EA},
    {0x0007F4, 0x0007F5},
    {0x0007FA, 0x0007FA},
    {0x000800, 0x000815},
    {0x00081A, 0x00081A},
    {0x000824, 0x000824},
    {0x000828, 0x000828},
    {0x000840, 0x000858},
    {0x000860, 0x00086A},
    {0x000870, 0x000887},
    {0x000889, 0x00088E},
    {0x0008A0, 0x0008C9},
    {0x000904, 0x000939},
    {0x00093D, 0x00093D},
    {0x000950, 0x000950},
    {0x000958, 0x000961},
    {0x000971, 0x000980},
    {0x000985, 0x00098C},
    {0x00098F, 0x000990},
    {0x000993, 0x0009A8},
    {0x0009AA, 0x0009B0},
    {0x0009B2, 0x0009B2},
    {0x0009B6, 0x0009B9},
    {0x0009BD, 0x0009BD},
    {0x0009CE, 0x0009CE},
    {0x0009DC, 0x0009DD},
    {0x0009DF, 0x0009E1},
    {0x0009F0, 0x0009F1},
    {0x0009FC, 0x0009FC},
    {0x000A05, 0x000A0A},
    {0x000A0F, 0x000A10},
    {0x000A13, 0x000A28},
    {0x000A2A, 0x000A30},
    {0x000A32, 0x000A33},
    {0x000A35, 0x000A36},
    {0x000A38, 0x000A39},
    {0x000A59, 0x000A5C},
    {0x000A5E, 0x000A5E},
    {0x000A72, 0x000A74},
    {0x000A85, 0x000A8D},
    {0x000A8F, 0x000A91},
    {0x000A93, 0x000AA8},
    {0x000AAA, 0x000AB0},
    {0x000AB2, 0x000AB3},
    {0x000AB5, 0x000AB9},
    {0x000ABD, 0x000ABD},
    {0x000AD0, 0x000AD0},
    {0x000AE0, 0x000AE1},
    {0x000AF9, 0x000AF9},
    {0x000B05, 0x000B0C},
    {0x000B0F, 0x000B10},
    {0x000B13, 0x000B28},
    {0x000B2A, 0x000B30},
    {0x000B32, 0x000B33},
    {0x000B35, 0x000B39},
    {0x000B3D, 0x000B3D},
    {0x000B5C, 0x000B5D},
    {0x000B5F, 0x000B61},
    {0x000B71, 0x000B71},
    {0x000B83, 0x000B83},
    {0x000B85, 0x000B8A},
    {0x000B8E, 0x000B90},
    {0x000B92, 0x000B95},
    {0x000B99, 0x000B9A},
    {0x000B9C, 0x000B9C},
    {0x000B9E, 0x000B9F},
    {0x000BA3, 0x000BA4},
    {0x000BA8, 0x000BAA},
    {0x000BAE, 0x000BB9},
    {0x000BD0, 0x000BD0},
    {0x000C05, 0x000C0C},
    {0x000C0E, 0x000C10},
    {0x000C12, 0x000C28},
    {0x000C2A, 0x000C39},
    {0x000C3D, 0x000C3D},
    {0x000C58, 0x000C5A},
    {0x000C5D, 0x000C5D},
    {0x000C60, 0x000C61},
    {0x000C80, 0x000C80},
    {0x000C85, 0x000C8C},
    {0x000C8E, 0x000C90},
    {0x000C92, 0x000CA8},
    {0x000CAA, 0x000CB3},
    {0x000CB5, 0x000CB9},
    {0x000CBD, 0x000CBD},
    {0x000CDD, 0x000CDE},
    {0x000CE0, 0x000CE1},
    {0x000CF1, 0x000CF2},
    {0x000D04, 0x000D0C},
    {0x000D0E, 0x000D10},
    {0x000D12, 0x000D3A},
    {0x000D3D, 0x000D3D},
    {0x000D4E, 0x000D4E},
    {0x000D54, 0x000D56},
    {0x000D5F, 0x000D61},
    {0x000D7A, 0x000D7F},
    {0x000D85, 0x000D96},
    {0x000D9A, 0x000DB1},
    {0x000DB3, 0x000DBB},
    {0x000DBD, 0x000DBD},
    {0x000DC0, 0x000DC6},
    {0x000E01, 0x000E30},
    {0x000E32, 0x000E33},
    {0x000E40, 0x000E46},
    {0x000E81, 0x000E82},
    {0x000E84, 0x000E84},
    {0x000E86, 0x000E8A},
    {0x000E8C, 0x000EA3},
    {0x000EA5, 0x000EA5},
    {0x000EA7, 0x000EB0},
    {0x000EB2, 0x000EB3},
    {0x000EBD, 0x000EBD},
    {0x000EC0, 0x000EC4},
    {0x000EC6, 0x000EC6},
    {0x000EDC, 0x000EDF},
    {0x000F00, 0x000F00},
    {0x000F40, 0x000F47},
    {0x000F49, 0x000F6C},
    {0x000F88, 0x000F8C},
    {0x001000, 0x00102A},
    {0x00103F, 0x00103F},
    {0x001050, 0x001055},
    {0x00105A, 0x00105D},
    {0x001061, 0x001061},
    {0x001065, 0x001066},
    {0x00106E, 0x001070},
    {0x001075, 0x001081},
    {0x00108E, 0x00108E},
    {0x0010A0, 0x0010C5},
    {0x0010C7, 0x0010C7},
    {0x0010CD, 0x0010CD},
    {0x0010D0, 0x0010FA},
    {0x0010FC, 0x001248},
    {0x00124A, 0x00124D},
    {0x001250, 0x001256},
    {0x001258, 0x001258},
    {0x00125A, 0x00125D},
    {0x001260, 0x001288},
    {0x00128A, 0x00128D},
    {0x001290, 0x0012B0},
    {0x0012B2, 0x0012B5},
    {0x0012B8, 0x0012BE},
    {0x0012C0, 0x0012C0},
    {0x0012C2, 0x0012C5},
    {0x0012C8, 0x0012D6},
    {0x0012D8, 0x001310},
    {0x001312, 0x001315},
    {0x001318, 0x00135A},
    {0x001380, 0x00138F},
    {0x0013A0, 0x0013F5},
    {0x0013F8, 0x0013FD},
    {0x001401, 0x00166C},
    {0x00166F, 0x00167F},
    {0x001681, 0x00169A},
    {0x0016A0, 0x0016EA},
    {0x0016F1, 0x0016F8},
    {0x001700, 0x001711},
    {0x00171F, 0x001731},
    {0x001740, 0x001751},
    {0x001760, 0x00176C},
    {0x00176E, 0x001770},
    {0x001780, 0x0017B3},
    {0x0017D7, 0x0017D7},
    {0x0017DC, 0x0017DC},
    {0x001820, 0x001878},
    {0x001880, 0x001884},
    {0x001887, 0x0018A8},
    {0x0018AA, 0x0018AA},
    {0x0018B0, 0x0018F5},
    {0x001900, 0x00191E},
    {0x001950, 0x00196D},
    {0x001970, 0x001974},
    {0x001980, 0x0019AB},
    {0x0019B0, 0x0019C9},
    {0x001A00, 0x001A16},
    {0x001A20, 0x001A54},
    {0x001AA7, 0x001AA7},
    {0x001B05, 0x001B33},
    {0x001B45, 0x001B4C},
    {0x001B83, 0x001BA0},
    {0x001BAE, 0x001BAF},
    {0x001BBA, 0x001BE5},
    {0x001C00, 0x001C23},
    {0x001C4D, 0x001C4F},
    {0x001C5A, 0x001C7D},
    {0x001C80, 0x001C88},
    {0x001C90, 0x001CBA},
    {0x001CBD, 0x001CBF},
    {0x001CE9, 0x001CEC},
    {0x001CEE, 0x001CF3},
    {0x001CF5, 0x001CF6},
    {0x001CFA, 0x001CFA},
    {0x001D00, 0x001DBF},
    {0x001E00, 0x001F15},
    {0x001F18, 0x001F1D},
    {0x001F20, 0x001F45},
    {0x001F48, 0x001F4D},
    {0x001F50, 0x001F57},
    {0x001F59, 0x001F59},
    {0x001F5B, 0x001F5B},
    {0x001F5D, 0x001F5D},
    {0x001F5F, 0x001F7D},
    {0x001F80, 0x001FB4},
    {0x001FB6, 0x001FBC},
    {0x001FBE, 0x001FBE},
    {0x001FC2, 0x001FC4},
    {0x001FC6, 0x001FCC},
    {0x001FD0, 0x001FD3},
    {0x001FD6, 0x001FDB},
    {0x001FE0, 0x001FEC},
    {0x001FF2, 0x001FF4},
    {0x001FF6, 0x001FFC},
    {0x002071, 0x002071},
    {0x00207F, 0x00207F},
    {0x002090, 0x00209C},
    {0x002102, 0x002102},
    {0x002107, 0x002107},
    {0x00210A, 0x002113},
    {0x002115, 0x002115},
    {0x002119, 0x00211D},
    {0x002124, 0x002124},
    {0x002126, 0x002126},
    {0x002128, 0x002128},
    {0x00212A, 0x00212D},
    {0x00212F, 0x002139},
    {0x00213C, 0x00213F},
    {0x002145, 0x002149},
    {0x00214E, 0x00214E},
    {0x002183, 0x002184},
    {0x002C00, 0x002CE4},
    {0x002CEB, 0x002CEE},
    {0x002CF2, 0x002CF3},
    {0x002D00, 0x002D25},
    {0x002D27, 0x002D27},
    {0x002D2D, 0x002D2D},
    {0x002D30, 0x002D67},
    {0x002D6F, 0x002D6F},
    {0x002D80, 0x002D96},
    {0x002DA0, 0x002DA6},
    {0x002DA8, 0x002DAE},
    {0x002DB0, 0x002DB6},
    {0x002DB8, 0x002DBE},
    {0x002DC0, 0x002DC6},
    {0x002DC8, 0x002DCE},
    {0x002DD0, 0x002DD6},
    {0x002DD8, 0x002DDE},
    {0x002E2F, 0x002E2F},
    {0x003005, 0x003006},
    {0x003031, 0x003035},
    {0x00303B, 0x00303C},
    {0x003041, 0x003096},
    {0x00309D, 0x00309F},
    {0x0030A1, 0x0030FA},
    {0x0030FC, 0x0030FF},
    {0x003105, 0x00312F},
    {0x003131, 0x00318E},
    {0x0031A0, 0x0031BF},
    {0x0031F0, 0x0031FF},
    {0x003400, 0x004DBF},
    {0x004E00, 0x00A48C},
    {0x00A4D0, 0x00A4FD},
    {0x00A500, 0x00A60C},
    {0x00A610, 0x00A61F},
    {0x00A62A, 0x00A62B},
    {0x00A640, 0x00A66E},
    {0x00A67F, 0x00A69D},
    {0x00A6A0, 0x00A6E5},
    {0x00A717, 0x00A71F},
    {0x00A722, 0x00A788},
    {0x00A78B, 0x00A7CA},
    {0x00A7D0, 0x00A7D1},
    {0x00A7D3, 0x00A7D3},
    {0x00A7D5, 0x00A7D9},
    {0x00A7F2, 0x00A801},
    {0x00A803, 0x00A805},
    {0x00A807, 0x00A80A},
    {0x00A80C, 0x00A822},
    {0x00A840, 0x00A873},
    {0x00A882, 0x00A8B3},
    {0x00A8F2, 0x00A8F7},
    {0x00A8FB, 0x00A8FB},
    {0x00A8FD, 0x00A8FE},
    {0x00A90A, 0x00A925},
    {0x00A930, 0x00A946},
    {0x00A960, 0x00A97C},
    {0x00A984, 0x00A9B2},
    {0x00A9CF, 0x00A9CF},
    {0x00A9E0, 0x00A9E4},
    {0x00A9E6, 0x00A9EF},
    {0x00A9FA, 0x00A9FE},
    {0x00AA00, 0x00AA28},
    {0x00AA40, 0x00AA42},
    {0x00AA44, 0x00AA4B},
    {0x00AA60, 0x00AA76},
    {0x00AA7A, 0x00AA7A},
    {0x00AA7E, 0x00AAAF},
    {0x00AAB1, 0x00AAB1},
    {0x00AAB5, 0x00AAB6},
    {0x00AAB9, 0x00AABD},
    {0x00AAC0, 0x00AAC0},
    {0x00AAC2, 0x00AAC2},
    {0x00AADB, 0x00AADD},
    {0x00AAE0, 0x00AAEA},
    {0x00AAF2, 0x00AAF4},
    {0x00AB01, 0x00AB06},
    {0x00AB09, 0x00AB0E},
    {0x00AB11, 0x00AB16},
    {0x00AB20, 0x00AB26},
    {0x00AB28, 0x00AB2E},
    {0x00AB30, 0x00AB5A},
    {0x00AB5C, 0x00AB69},
    {0x00AB70, 0x00ABE2},
    {0x00AC00, 0x00D7A3},
    {0x00D7B0, 0x00D7C6},
    {0x00D7CB, 0x00D7FB},
    {0x00F900, 0x00FA6D},
    {0x00FA70, 0x00FAD9},
    {0x00FB00, 0x00FB06},
    {0x00FB13, 0x00FB17},
    {0x00FB1D, 0x00FB1D},
    {0x00FB1F, 0x00FB28},
    {0x00FB2A, 0x00FB36},
    {0x00FB38, 0x00FB3C},
    {0x00FB3E, 0x00FB3E},
    {0x00FB40, 0x00FB41},
    {0x00FB43, 0x00FB44},
    {0x00FB46, 0x00FBB1},
    {0x00FBD3, 0x00FD3D},
    {0x00FD50, 0x00FD8F},
    {0x00FD92, 0x00FDC7},
    {0x00FDF0, 0x00FDFB},
    {0x00FE70, 0x00FE74},
    {0x00FE76, 0x00FEFC},
    {0x00FF21, 0x00FF3A},
    {0x00FF41, 0x00FF5A},
    {0x00FF66, 0x00FFBE},
    {0x00FFC2, 0x00FFC7},
    {0x00FFCA, 0x00FFCF},
    {0x00FFD2, 0x00FFD7},
    {0x00FFDA, 0x00FFDC},
    {0x010000, 0x01000B},
    {0x01000D, 0x010026},
    {0x010028, 0x01003A},
    {0x01003C, 0x01003D},
    {0x01003F, 0x01004D},
    {0x010050, 0x01005D},
    {0x010080, 0x0100FA},
    {0x010280, 0x01029C},
    {0x0102A0, 0x0102D0},
    {0x010300, 0x01031F},
    {0x01032D, 0x010340},
    {0x010342, 0x010349},
    {0x010350, 0x010375},
    {0x010380, 0x01039D},
    {0x0103A0, 0x0103C3},
    {0x0103C8, 0x0103CF},
    {0x010400, 0x01049D},
    {0x0104B0, 0x0104D3},
    {0x0104D8, 0x0104FB},
    {0x010500, 0x010527},
    {0x010530, 0x010563},
    {0x010570, 0x01057A},
    {0x01057C, 0x01058A},
    {0x01058C, 0x010592},
    {0x010594, 0x010595},
    {0x010597, 0x0105A1},
    {0x0105A3, 0x0105B1},
    {0x0105B3, 0x0105B9},
    {0x0105BB, 0x0105BC},
    {0x010600, 0x010736},
    {0x010740, 0x010755},
    {0x010760, 0x010767},
    {0x010780, 0x010785},
    {0x010787, 0x0107B0},
    {0x0107B2, 0x0107BA},
    {0x010800, 0x010805},
    {0x010808, 0x010808},
    {0x01080A, 0x010835},
    {0x010837, 0x010838},
    {0x01083C, 0x01083C},
    {0x01083F, 0x010855},
    {0x010860, 0x010876},
    {0x010880, 0x01089E},
    {0x0108E0, 0x0108F2},
    {0x0108F4, 0x0108F5},
    {0x010900, 0x010915},
    {0x010920, 0x010939},
    {0x010980, 0x0109B7},
    {0x0109BE, 0x0109BF},
    {0x010A00, 0x010A00},
    {0x010A10, 0x010A13},
    {0x010A15, 0x010A17},
    {0x010A19, 0x010A35},
    {0x010A60, 0x010A7C},
    {0x010A80, 0x010A9C},
    {0x010AC0, 0x010AC7},
    {0x010AC9, 0x010AE4},
    {0x010B00, 0x010B35},
    {0x010B40, 0x010B55},
    {0x010B60, 0x010B72},
    {0x010B80, 0x010B91},
    {0x010C00, 0x010C48},
    {0x010C80, 0x010CB2},
    {0x010CC0, 0x010CF2},
    {0x010D00, 0x010D23},
    {0x010E80, 0x010EA9},
    {0x010EB0, 0x010EB1},
    {0x010F00, 0x010F1C},
    {0x010F27, 0x010F27},
    {0x010F30, 0x010F45},
    {0x010F70, 0x010F81},
    {0x010FB0, 0x010FC4},
    {0x010FE0, 0x010FF6},
    {0x011003, 0x011037},
    {0x011071, 0x011072},
    {0x011075, 0x011075},
    {0x011083, 0x0110AF},
    {0x0110D0, 0x0110E8},
    {0x011103, 0x011126},
    {0x011144, 0x011144},
    {0x011147, 0x011147},
    {0x011150, 0x011172},
    {0x011176, 0x011176},
    {0x011183, 0x0111B2},
    {0x0111C1, 0x0111C4},
    {0x0111DA, 0x0111DA},
    {0x0111DC, 0x0111DC},
    {0x011200, 0x011211},
    {0x011213, 0x01122B},
    {0x011280, 0x011286},
    {0x011288, 0x011288},
    {0x01128A, 0x01128D},
    {0x01128F, 0x01129D},
    {0x01129F, 0x0112A8},
    {0x0112B0, 0x0112DE},
    {0x011305, 0x01130C},
    {0x01130F, 0x011310},
    {0x011313, 0x011328},
    {0x01132A, 0x011330},
    {0x011332, 0x011333},
    {0x011335, 0x011339},
    {0x01133D, 0x01133D},
    {0x011350, 0x011350},
    {0x01135D, 0x011361},
    {0x011400, 0x011434},
    {0x011447, 0x01144A},
    {0x01145F, 0x011461},
    {0x011480, 0x0114AF},
    {0x0114C4, 0x0114C5},
    {0x0114C7, 0x0114C7},
    {0x011580, 0x0115AE},
    {0x0115D8, 0x0115DB},
    {0x011600, 0x01162F},
    {0x011644, 0x011644},
    {0x011680, 0x0116AA},
    {0x0116B8, 0x0116B8},
    {0x011700, 0x01171A},
    {0x011740, 0x011746},
    {0x011800, 0x01182B},
    {0x0118A0, 0x0118DF},
    {0x0118FF, 0x011906},
    {0x011909, 0x011909},
    {0x01190C, 0x011913},
    {0x011915, 0x011916},
    {0x011918, 0x01192F},
    {0x01193F, 0x01193F},
    {0x011941, 0x011941},
    {0x0119A0, 0x0119A7},
    {0x0119AA, 0x0119D0},
    {0x0119E1, 0x0119E1},
    {0x0119E3, 0x0119E3},
    {0x011A00, 0x011A00},
    {0x011A0B, 0x011A32},
    {0x011A3A, 0x011A3A},
    {0x011A50, 0x011A50},
    {0x011A5C, 0x011A89},
    {0x011A9D, 0x011A9D},
    {0x011AB0, 0x011AF8},
    {0x011C00, 0x011C08},
    {0x011C0A, 0x011C2E},
    {0x011C40, 0x011C40},
    {0x011C72, 0x011C8F},
    {0x011D00, 0x011D06},
    {0x011D08, 0x011D09},
    {0x011D0B, 0x011D30},
    {0x011D46, 0x011D46},
    {0x011D60, 0x011D65},
    {0x011D67, 0x011D68},
    {0x011D6A, 0x011D89},
    {0x011D98, 0x011D98},
    {0x011EE0, 0x011EF2},
    {0x011FB0, 0x011FB0},
    {0x012000, 0x012399},
    {0x012480, 0x012543},
    {0x012F90, 0x012FF0},
    {0x013000, 0x01342E},
    {0x014400, 0x014646},
    {0x016800, 0x016A38},
    {0x016A40, 0x016A5E},
    {0x016A70, 0x016ABE},
    {0x016AD0, 0x016AED},
    {0x016B00, 0x016B2F},
    {0x016B40, 0x016B43},
    {0x016B63, 0x016B77},
    {0x016B7D, 0x016B8F},
    {0x016E40, 0x016E7F},
    {0x016F00, 0x016F4A},
    {0x016F50, 0x016F50},
    {0x016F93, 0x016F9F},
    {0x016FE0, 0x016FE1},
    {0x016FE3, 0x016FE3},
    {0x017000, 0x0187F7},
    {0x018800, 0x018CD5},
    {0x018D00, 0x018D08},
    {0x01AFF0, 0x01AFF3},
    {0x01AFF5, 0x01AFFB},
    {0x01AFFD, 0x01AFFE},
    {0x01B000, 0x01B122},
    {0x01B150, 0x01B152},
    {0x01B164, 0x01B167},
    {0x01B170, 0x01B2FB},
    {0x01BC00, 0x01BC6A},
    {0x01BC70, 0x01BC7C},
    {0x01BC80, 0x01BC88},
    {0x01BC90, 0x01BC99},
    {0x01D400, 0x01D454},
    {0x01D456, 0x01D49C},
    {0x01D49E, 0x01D49F},
    {0x01D4A2, 0x01D4A2},
    {0x01D4A5, 0x01D4A6},
    {0x01D4A9, 0x01D4AC},
    {0x01D4AE, 0x01D4B9},
    {0x01D4BB, 0x01D4BB},
    {0x01D4BD, 0x01D4C3},
    {0x01D4C5, 0x01D505},
    {0x01D507, 0x01D50A},
    {0x01D50D, 0x01D514},
    {0x01D516, 0x01D51C},
    {0x01D51E, 0x01D539},
    {0x01D53B, 0x01D53E},
    {0x01D540, 0x01D544},
    {0x01D546, 0x01D546},
    {0x01D54A, 0x01D550},
    {0x01D552, 0x01D6A5},
    {0x01D6A8, 0x01D6C0},
    {0x01D6C2, 0x01D6DA},
    {0x01D6DC, 0x01D6FA},
    {0x01D6FC, 0x01D714},
    {0x01D716, 0x01D734},
    {0x01D736, 0x01D74E},
    {0x01D750, 0x01D76E},
    {0x01D770, 0x01D788},
    {0x01D78A, 0x01D7A8},
    {0x01D7AA, 0x01D7C2},
    {0x01D7C4, 0x01D7CB},
    {0x01DF00, 0x01DF1E},
    {0x01E100, 0x01E12C},
    {0x01E137, 0x01E13D},
    {0x01E14E, 0x01E14E},
    {0x01E290, 0x01E2AD},
    {0x01E2C0, 0x01E2EB},
    {0x01E7E0, 0x01E7E6},
    {0x01E7E8, 0x01E7EB},
    {0x01E7ED, 0x01E7EE},
    {0x01E7F0, 0x01E7FE},
    {0x01E800, 0x01E8C4},
    {0x01E900, 0x01E943},
    {0x01E94B, 0x01E94B},
    {0x01EE00, 0x01EE03},
    {0x01EE05, 0x01EE1F},
    {0x01EE21, 0x01EE22},
    {0x01EE24, 0x01EE24},
    {0x01EE27, 0x01EE27},
    {0x01EE29, 0x01EE32},
    {0x01EE34, 0x01EE37},
    {0x01EE39, 0x01EE39},
    {0x01EE3B, 0x01EE3B},
    {0x01EE42, 0x01EE42},
    {0x01EE47, 0x01EE47},
    {0x01EE49, 0x01EE49},
    {0x01EE4B, 0x01EE4B},
    {0x01EE4D, 0x01EE4F},
    {0x01EE51, 0x01EE52},
    {0x01EE54, 0x01EE54},
    {0x01EE57, 0x01EE57},
    {0x01EE59, 0x01EE59},
    {0x01EE5B, 0x01EE5B},
    {0x01EE5D, 0x01EE5D},
    {0x01EE5F, 0x01EE5F},
    {0x01EE61, 0x01EE62},
    {0x01EE64, 0x01EE64},
    {0x01EE67, 0x01EE6A},
    {0x01EE6C, 0x01EE72},
    {0x01EE74, 0x01EE77},
    {0x01EE79, 0x01EE7C},
    {0x01EE7E, 0x01EE7E},
    {0x01EE80, 0x01EE89},
    {0x01EE8B, 0x01EE9B},
    {0x01EEA1, 0x01EEA3},
    {0x01EEA5, 0x01EEA9},
    {0x01EEAB, 0x01EEBB},
    {0x020000, 0x02A6DF},
    {0x02A700, 0x02B738},
    {0x02B740, 0x02B81D},
    {0x02B820, 0x02CEA1},
    {0x02CEB0, 0x02EBE0},
    {0x02F800, 0x02FA1D},
    {0x030000, 0x03134A},
};
inline constexpr size_t kLetterRangesCount = 648;

// 134 ranges, general category N* (\p{N}).
inline constexpr CpRange kNumberRanges[] = {
    {0x000030, 0x000039},
    {0x0000B2, 0x0000B3},
    {0x0000B9, 0x0000B9},
    {0x0000BC, 0x0000BE},
    {0x000660, 0x000669},
    {0x0006F0, 0x0006F9},
    {0x0007C0, 0x0007C9},
    {0x000966, 0x00096F},
    {0x0009E6, 0x0009EF},
    {0x0009F4, 0x0009F9},
    {0x000A66, 0x000A6F},
    {0x000AE6, 0x000AEF},
    {0x000B66, 0x000B6F},
    {0x000B72, 0x000B77},
    {0x000BE6, 0x000BF2},
    {0x000C66, 0x000C6F},
    {0x000C78, 0x000C7E},
    {0x000CE6, 0x000CEF},
    {0x000D58, 0x000D5E},
    {0x000D66, 0x000D78},
    {0x000DE6, 0x000DEF},
    {0x000E50, 0x000E59},
    {0x000ED0, 0x000ED9},
    {0x000F20, 0x000F33},
    {0x001040, 0x001049},
    {0x001090, 0x001099},
    {0x001369, 0x00137C},
    {0x0016EE, 0x0016F0},
    {0x0017E0, 0x0017E9},
    {0x0017F0, 0x0017F9},
    {0x001810, 0x001819},
    {0x001946, 0x00194F},
    {0x0019D0, 0x0019DA},
    {0x001A80, 0x001A89},
    {0x001A90, 0x001A99},
    {0x001B50, 0x001B59},
    {0x001BB0, 0x001BB9},
    {0x001C40, 0x001C49},
    {0x001C50, 0x001C59},
    {0x002070, 0x002070},
    {0x002074, 0x002079},
    {0x002080, 0x002089},
    {0x002150, 0x002182},
    {0x002185, 0x002189},
    {0x002460, 0x00249B},
    {0x0024EA, 0x0024FF},
    {0x002776, 0x002793},
    {0x002CFD, 0x002CFD},
    {0x003007, 0x003007},
    {0x003021, 0x003029},
    {0x003038, 0x00303A},
    {0x003192, 0x003195},
    {0x003220, 0x003229},
    {0x003248, 0x00324F},
    {0x003251, 0x00325F},
    {0x003280, 0x003289},
    {0x0032B1, 0x0032BF},
    {0x00A620, 0x00A629},
    {0x00A6E6, 0x00A6EF},
    {0x00A830, 0x00A835},
    {0x00A8D0, 0x00A8D9},
    {0x00A900, 0x00A909},
    {0x00A9D0, 0x00A9D9},
    {0x00A9F0, 0x00A9F9},
    {0x00AA50, 0x00AA59},
    {0x00ABF0, 0x00ABF9},
    {0x00FF10, 0x00FF19},
    {0x010107, 0x010133},
    {0x010140, 0x010178},
    {0x01018A, 0x01018B},
    {0x0102E1, 0x0102FB},
    {0x010320, 0x010323},
    {0x010341, 0x010341},
    {0x01034A, 0x01034A},
    {0x0103D1, 0x0103D5},
    {0x0104A0, 0x0104A9},
    {0x010858, 0x01085F},
    {0x010879, 0x01087F},
    {0x0108A7, 0x0108AF},
    {0x0108FB, 0x0108FF},
    {0x010916, 0x01091B},
    {0x0109BC, 0x0109BD},
    {0x0109C0, 0x0109CF},
    {0x0109D2, 0x0109FF},
    {0x010A40, 0x010A48},
    {0x010A7D, 0x010A7E},
    {0x010A9D, 0x010A9F},
    {0x010AEB, 0x010AEF},
    {0x010B58, 0x010B5F},
    {0x010B78, 0x010B7F},
    {0x010BA9, 0x010BAF},
    {0x010CFA, 0x010CFF},
    {0x010D30, 0x010D39},
    {0x010E60, 0x010E7E},
    {0x010F1D, 0x010F26},
    {0x010F51, 0x010F54},
    {0x010FC5, 0x010FCB},
    {0x011052, 0x01106F},
    {0x0110F0, 0x0110F9},
    {0x011136, 0x01113F},
    {0x0111D0, 0x0111D9},
    {0x0111E1, 0x0111F4},
    {0x0112F0, 0x0112F9},
    {0x011450, 0x011459},
    {0x0114D0, 0x0114D9},
    {0x011650, 0x011659},
    {0x0116C0, 0x0116C9},
    {0x011730, 0x01173B},
    {0x0118E0, 0x0118F2},
    {0x011950, 0x011959},
    {0x011C50, 0x011C6C},
    {0x011D50, 0x011D59},
    {0x011DA0, 0x011DA9},
    {0x011FC0, 0x011FD4},
    {0x012400, 0x01246E},
    {0x016A60, 0x016A69},
    {0x016AC0, 0x016AC9},
    {0x016B50, 0x016B59},
    {0x016B5B, 0x016B61},
    {0x016E80, 0x016E96},
    {0x01D2E0, 0x01D2F3},
    {0x01D360, 0x01D378},
    {0x01D7CE, 0x01D7FF},
    {0x01E140, 0x01E149},
    {0x01E2F0, 0x01E2F9},
    {0x01E8C7, 0x01E8CF},
    {0x01E950, 0x01E959},
    {0x01EC71, 0x01ECAB},
    {0x01ECAD, 0x01ECAF},
    {0x01ECB1, 0x01ECB4},
    {0x01ED01, 0x01ED2D},
    {0x01ED2F, 0x01ED3D},
    {0x01F100, 0x01F10C},
    {0x01FBF0, 0x01FBF9},
};
inline constexpr size_t kNumberRangesCount = 134;

// 3087 codepoints across 2061 canonical decompositions (Hangul syllables excluded -- computed algorithmically, see unicode.cpp).
inline constexpr char32_t kCanonicalDecompSeq[] = {
    0x000041, 0x000300, 0x000041, 0x000301, 0x000041, 0x000302, 0x000041, 0x000303, 0x000041, 0x000308, 0x000041, 0x00030A,
    0x000043, 0x000327, 0x000045, 0x000300, 0x000045, 0x000301, 0x000045, 0x000302, 0x000045, 0x000308, 0x000049, 0x000300,
    0x000049, 0x000301, 0x000049, 0x000302, 0x000049, 0x000308, 0x00004E, 0x000303, 0x00004F, 0x000300, 0x00004F, 0x000301,
    0x00004F, 0x000302, 0x00004F, 0x000303, 0x00004F, 0x000308, 0x000055, 0x000300, 0x000055, 0x000301, 0x000055, 0x000302,
    0x000055, 0x000308, 0x000059, 0x000301, 0x000061, 0x000300, 0x000061, 0x000301, 0x000061, 0x000302, 0x000061, 0x000303,
    0x000061, 0x000308, 0x000061, 0x00030A, 0x000063, 0x000327, 0x000065, 0x000300, 0x000065, 0x000301, 0x000065, 0x000302,
    0x000065, 0x000308, 0x000069, 0x000300, 0x000069, 0x000301, 0x000069, 0x000302, 0x000069, 0x000308, 0x00006E, 0x000303,
    0x00006F, 0x000300, 0x00006F, 0x000301, 0x00006F, 0x000302, 0x00006F, 0x000303, 0x00006F, 0x000308, 0x000075, 0x000300,
    0x000075, 0x000301, 0x000075, 0x000302, 0x000075, 0x000308, 0x000079, 0x000301, 0x000079, 0x000308, 0x000041, 0x000304,
    0x000061, 0x000304, 0x000041, 0x000306, 0x000061, 0x000306, 0x000041, 0x000328, 0x000061, 0x000328, 0x000043, 0x000301,
    0x000063, 0x000301, 0x000043, 0x000302, 0x000063, 0x000302, 0x000043, 0x000307, 0x000063, 0x000307, 0x000043, 0x00030C,
    0x000063, 0x00030C, 0x000044, 0x00030C, 0x000064, 0x00030C, 0x000045, 0x000304, 0x000065, 0x000304, 0x000045, 0x000306,
    0x000065, 0x000306, 0x000045, 0x000307, 0x000065, 0x000307, 0x000045, 0x000328, 0x000065, 0x000328, 0x000045, 0x00030C,
    0x000065, 0x00030C, 0x000047, 0x000302, 0x000067, 0x000302, 0x000047, 0x000306, 0x000067, 0x000306, 0x000047, 0x000307,
    0x000067, 0x000307, 0x000047, 0x000327, 0x000067, 0x000327, 0x000048, 0x000302, 0x000068, 0x000302, 0x000049, 0x000303,
    0x000069, 0x000303, 0x000049, 0x000304, 0x000069, 0x000304, 0x000049, 0x000306, 0x000069, 0x000306, 0x000049, 0x000328,
    0x000069, 0x000328, 0x000049, 0x000307, 0x00004A, 0x000302, 0x00006A, 0x000302, 0x00004B, 0x000327, 0x00006B, 0x000327,
    0x00004C, 0x000301, 0x00006C, 0x000301, 0x00004C, 0x000327, 0x00006C, 0x000327, 0x00004C, 0x00030C, 0x00006C, 0x00030C,
    0x00004E, 0x000301, 0x00006E, 0x000301, 0x00004E, 0x000327, 0x00006E, 0x000327, 0x00004E, 0x00030C, 0x00006E, 0x00030C,
    0x00004F, 0x000304, 0x00006F, 0x000304, 0x00004F, 0x000306, 0x00006F, 0x000306, 0x00004F, 0x00030B, 0x00006F, 0x00030B,
    0x000052, 0x000301, 0x000072, 0x000301, 0x000052, 0x000327, 0x000072, 0x000327, 0x000052, 0x00030C, 0x000072, 0x00030C,
    0x000053, 0x000301, 0x000073, 0x000301, 0x000053, 0x000302, 0x000073, 0x000302, 0x000053, 0x000327, 0x000073, 0x000327,
    0x000053, 0x00030C, 0x000073, 0x00030C, 0x000054, 0x000327, 0x000074, 0x000327, 0x000054, 0x00030C, 0x000074, 0x00030C,
    0x000055, 0x000303, 0x000075, 0x000303, 0x000055, 0x000304, 0x000075, 0x000304, 0x000055, 0x000306, 0x000075, 0x000306,
    0x000055, 0x00030A, 0x000075, 0x00030A, 0x000055, 0x00030B, 0x000075, 0x00030B, 0x000055, 0x000328, 0x000075, 0x000328,
    0x000057, 0x000302, 0x000077, 0x000302, 0x000059, 0x000302, 0x000079, 0x000302, 0x000059, 0x000308, 0x00005A, 0x000301,
    0x00007A, 0x000301, 0x00005A, 0x000307, 0x00007A, 0x000307, 0x00005A, 0x00030C, 0x00007A, 0x00030C, 0x00004F, 0x00031B,
    0x00006F, 0x00031B, 0x000055, 0x00031B, 0x000075, 0x00031B, 0x000041, 0x00030C, 0x000061, 0x00030C, 0x000049, 0x00030C,
    0x000069, 0x00030C, 0x00004F, 0x00030C, 0x00006F, 0x00030C, 0x000055, 0x00030C, 0x000075, 0x00030C, 0x0000DC, 0x000304,
    0x0000FC, 0x000304, 0x0000DC, 0x000301, 0x0000FC, 0x000301, 0x0000DC, 0x00030C, 0x0000FC, 0x00030C, 0x0000DC, 0x000300,
    0x0000FC, 0x000300, 0x0000C4, 0x000304, 0x0000E4, 0x000304, 0x000226, 0x000304, 0x000227, 0x000304, 0x0000C6, 0x000304,
    0x0000E6, 0x000304, 0x000047, 0x00030C, 0x000067, 0x00030C, 0x00004B, 0x00030C, 0x00006B, 0x00030C, 0x00004F, 0x000328,
    0x00006F, 0x000328, 0x0001EA, 0x000304, 0x0001EB, 0x000304, 0x0001B7, 0x00030C, 0x000292, 0x00030C, 0x00006A, 0x00030C,
    0x000047, 0x000301, 0x000067, 0x000301, 0x00004E, 0x000300, 0x00006E, 0x000300, 0x0000C5, 0x000301, 0x0000E5, 0x000301,
    0x0000C6, 0x000301, 0x0000E6, 0x000301, 0x0000D8, 0x000301, 0x0000F8, 0x000301, 0x000041, 0x00030F, 0x000061, 0x00030F,
    0x000041, 0x000311, 0x000061, 0x000311, 0x000045, 0x00030F, 0x000065, 0x00030F, 0x000045, 0x000311, 0x000065, 0x000311,
    0x000049, 0x00030F, 0x000069, 0x00030F, 0x000049, 0x000311, 0x000069, 0x000311, 0x00004F, 0x00030F, 0x00006F, 0x00030F,
    0x00004F, 0x000311, 0x00006F, 0x000311, 0x000052, 0x00030F, 0x000072, 0x00030F, 0x000052, 0x000311, 0x000072, 0x000311,
    0x000055, 0x00030F, 0x000075, 0x00030F, 0x000055, 0x000311, 0x000075, 0x000311, 0x000053, 0x000326, 0x000073, 0x000326,
    0x000054, 0x000326, 0x000074, 0x000326, 0x000048, 0x00030C, 0x000068, 0x00030C, 0x000041, 0x000307, 0x000061, 0x000307,
    0x000045, 0x000327, 0x000065, 0x000327, 0x0000D6, 0x000304, 0x0000F6, 0x000304, 0x0000D5, 0x000304, 0x0000F5, 0x000304,
    0x00004F, 0x000307, 0x00006F, 0x000307, 0x00022E, 0x000304, 0x00022F, 0x000304, 0x000059, 0x000304, 0x000079, 0x000304,
    0x000300, 0x000301, 0x000313, 0x000308, 0x000301, 0x0002B9, 0x00003B, 0x0000A8, 0x000301, 0x000391, 0x000301, 0x0000B7,
    0x000395, 0x000301, 0x000397, 0x000301, 0x000399, 0x000301, 0x00039F, 0x000301, 0x0003A5, 0x000301, 0x0003A9, 0x000301,
    0x0003CA, 0x000301, 0x000399, 0x000308, 0x0003A5, 0x000308, 0x0003B1, 0x000301, 0x0003B5, 0x000301, 0x0003B7, 0x000301,
    0x0003B9, 0x000301, 0x0003CB, 0x000301, 0x0003B9, 0x000308, 0x0003C5, 0x000308, 0x0003BF, 0x000301, 0x0003C5, 0x000301,
    0x0003C9, 0x000301, 0x0003D2, 0x000301, 0x0003D2, 0x000308, 0x000415, 0x000300, 0x000415, 0x000308, 0x000413, 0x000301,
    0x000406, 0x000308, 0x00041A, 0x000301, 0x000418, 0x000300, 0x000423, 0x000306, 0x000418, 0x000306, 0x000438, 0x000306,
    0x000435, 0x000300, 0x000435, 0x000308, 0x000433, 0x000301, 0x000456, 0x000308, 0x00043A, 0x000301, 0x000438, 0x000300,
    0x000443, 0x000306, 0x000474, 0x00030F, 0x000475, 0x00030F, 0x000416, 0x000306, 0x000436, 0x000306, 0x000410, 0x000306,
    0x000430, 0x000306, 0x000410, 0x000308, 0x000430, 0x000308, 0x000415, 0x000306, 0x000435, 0x000306, 0x0004D8, 0x000308,
    0x0004D9, 0x000308, 0x000416, 0x000308, 0x000436, 0x000308, 0x000417, 0x000308, 0x000437, 0x000308, 0x000418, 0x000304,
    0x000438, 0x000304, 0x000418, 0x000308, 0x000438, 0x000308, 0x00041E, 0x000308, 0x00043E, 0x000308, 0x0004E8, 0x000308,
    0x0004E9, 0x000308, 0x00042D, 0x000308, 0x00044D, 0x000308, 0x000423, 0x000304, 0x000443, 0x000304, 0x000423, 0x000308,
    0x000443, 0x000308, 0x000423, 0x00030B, 0x000443, 0x00030B, 0x000427, 0x000308, 0x000447, 0x000308, 0x00042B, 0x000308,
    0x00044B, 0x000308, 0x000627, 0x000653, 0x000627, 0x000654, 0x000648, 0x000654, 0x000627, 0x000655, 0x00064A, 0x000654,
    0x0006D5, 0x000654, 0x0006C1, 0x000654, 0x0006D2, 0x000654, 0x000928, 0x00093C, 0x000930, 0x00093C, 0x000933, 0x00093C,
    0x000915, 0x00093C, 0x000916, 0x00093C, 0x000917, 0x00093C, 0x00091C, 0x00093C, 0x000921, 0x00093C, 0x000922, 0x00093C,
    0x00092B, 0x00093C, 0x00092F, 0x00093C, 0x0009C7, 0x0009BE, 0x0009C7, 0x0009D7, 0x0009A1, 0x0009BC, 0x0009A2, 0x0009BC,
    0x0009AF, 0x0009BC, 0x000A32, 0x000A3C, 0x000A38, 0x000A3C, 0x000A16, 0x000A3C, 0x000A17, 0x000A3C, 0x000A1C, 0x000A3C,
    0x000A2B, 0x000A3C, 0x000B47, 0x000B56, 0x000B47, 0x000B3E, 0x000B47, 0x000B57, 0x000B21, 0x000B3C, 0x000B22, 0x000B3C,
    0x000B92, 0x000BD7, 0x000BC6, 0x000BBE, 0x000BC7, 0x000BBE, 0x000BC6, 0x000BD7, 0x000C46, 0x000C56, 0x000CBF, 0x000CD5,
    0x000CC6, 0x000CD5, 0x000CC6, 0x000CD6, 0x000CC6, 0x000CC2, 0x000CCA, 0x000CD5, 0x000D46, 0x000D3E, 0x000D47, 0x000D3E,
    0x000D46, 0x000D57, 0x000DD9, 0x000DCA, 0x000DD9, 0x000DCF, 0x000DDC, 0x000DCA, 0x000DD9, 0x000DDF, 0x000F42, 0x000FB7,
    0x000F4C, 0x000FB7, 0x000F51, 0x000FB7, 0x000F56, 0x000FB7, 0x000F5B, 0x000FB7, 0x000F40, 0x000FB5, 0x000F71, 0x000F72,
    0x000F71, 0x000F74, 0x000FB2, 0x000F80, 0x000FB3, 0x000F80, 0x000F71, 0x000F80, 0x000F92, 0x000FB7, 0x000F9C, 0x000FB7,
    0x000FA1, 0x000FB7, 0x000FA6, 0x000FB7, 0x000FAB, 0x000FB7, 0x000F90, 0x000FB5, 0x001025, 0x00102E, 0x001B05, 0x001B35,
    0x001B07, 0x001B35, 0x001B09, 0x001B35, 0x001B0B, 0x001B35, 0x001B0D, 0x001B35, 0x001B11, 0x001B35, 0x001B3A, 0x001B35,
    0x001B3C, 0x001B35, 0x001B3E, 0x001B35, 0x001B3F, 0x001B35, 0x001B42, 0x001B35, 0x000041, 0x000325, 0x000061, 0x000325,
    0x000042, 0x000307, 0x000062, 0x000307, 0x000042, 0x000323, 0x000062, 0x000323, 0x000042, 0x000331, 0x000062, 0x000331,
    0x0000C7, 0x000301, 0x0000E7, 0x000301, 0x000044, 0x000307, 0x000064, 0x000307, 0x000044, 0x000323, 0x000064, 0x000323,
    0x000044, 0x000331, 0x000064, 0x000331, 0x000044, 0x000327, 0x000064, 0x000327, 0x000044, 0x00032D, 0x000064, 0x00032D,
    0x000112, 0x000300, 0x000113, 0x000300, 0x000112, 0x000301, 0x000113, 0x000301, 0x000045, 0x00032D, 0x000065, 0x00032D,
    0x000045, 0x000330, 0x000065, 0x000330, 0x000228, 0x000306, 0x000229, 0x000306, 0x000046, 0x000307, 0x000066, 0x000307,
    0x000047, 0x000304, 0x000067, 0x000304, 0x000048, 0x000307, 0x000068, 0x000307, 0x000048, 0x000323, 0x000068, 0x000323,
    0x000048, 0x000308, 0x000068, 0x000308, 0x000048, 0x000327, 0x000068, 0x000327, 0x000048, 0x00032E, 0x000068, 0x00032E,
    0x000049, 0x000330, 0x000069, 0x000330, 0x0000CF, 0x000301, 0x0000EF, 0x000301, 0x00004B, 0x000301, 0x00006B, 0x000301,
    0x00004B, 0x000323, 0x00006B, 0x000323, 0x00004B, 0x000331, 0x00006B, 0x000331, 0x00004C, 0x000323, 0x00006C, 0x000323,
    0x001E36, 0x000304, 0x001E37, 0x000304, 0x00004C, 0x000331, 0x00006C, 0x000331, 0x00004C, 0x00032D, 0x00006C, 0x00032D,
    0x00004D, 0x000301, 0x00006D, 0x000301, 0x00004D, 0x000307, 0x00006D, 0x000307, 0x00004D, 0x000323, 0x00006D, 0x000323,
    0x00004E, 0x000307, 0x00006E, 0x000307, 0x00004E, 0x000323, 0x00006E, 0x000323, 0x00004E, 0x000331, 0x00006E, 0x000331,
    0x00004E, 0x00032D, 0x00006E, 0x00032D, 0x0000D5, 0x000301, 0x0000F5, 0x000301, 0x0000D5, 0x000308, 0x0000F5, 0x000308,
    0x00014C, 0x000300, 0x00014D, 0x000300, 0x00014C, 0x000301, 0x00014D, 0x000301, 0x000050, 0x000301, 0x000070, 0x000301,
    0x000050, 0x000307, 0x000070, 0x000307, 0x000052, 0x000307, 0x000072, 0x000307, 0x000052, 0x000323, 0x000072, 0x000323,
    0x001E5A, 0x000304, 0x001E5B, 0x000304, 0x000052, 0x000331, 0x000072, 0x000331, 0x000053, 0x000307, 0x000073, 0x000307,
    0x000053, 0x000323, 0x000073, 0x000323, 0x00015A, 0x000307, 0x00015B, 0x000307, 0x000160, 0x000307, 0x000161, 0x000307,
    0x001E62, 0x000307, 0x001E63, 0x000307, 0x000054, 0x000307, 0x000074, 0x000307, 0x000054, 0x000323, 0x000074, 0x000323,
    0x000054, 0x000331, 0x000074, 0x000331, 0x000054, 0x00032D, 0x000074, 0x00032D, 0x000055, 0x000324, 0x000075, 0x000324,
    0x000055, 0x000330, 0x000075, 0x000330, 0x000055, 0x00032D, 0x000075, 0x00032D, 0x000168, 0x000301, 0x000169, 0x000301,
    0x00016A, 0x000308, 0x00016B, 0x000308, 0x000056, 0x000303, 0x000076, 0x000303, 0x000056, 0x000323, 0x000076, 0x000323,
    0x000057, 0x000300, 0x000077, 0x000300, 0x000057, 0x000301, 0x000077, 0x000301, 0x000057, 0x000308, 0x000077, 0x000308,
    0x000057, 0x000307, 0x000077, 0x000307, 0x000057, 0x000323, 0x000077, 0x000323, 0x000058, 0x000307, 0x000078, 0x000307,
    0x000058, 0x000308, 0x000078, 0x000308, 0x000059, 0x000307, 0x000079, 0x000307, 0x00005A, 0x000302, 0x00007A, 0x000302,
    0x00005A, 0x000323, 0x00007A, 0x000323, 0x00005A, 0x000331, 0x00007A, 0x000331, 0x000068, 0x000331, 0x000074, 0x000308,
    0x000077, 0x00030A, 0x000079, 0x00030A, 0x00017F, 0x000307, 0x000041, 0x000323, 0x000061, 0x000323, 0x000041, 0x000309,
    0x000061, 0x000309, 0x0000C2, 0x000301, 0x0000E2, 0x000301, 0x0000C2, 0x000300, 0x0000E2, 0x000300, 0x0000C2, 0x000309,
    0x0000E2, 0x000309, 0x0000C2, 0x000303, 0x0000E2, 0x000303, 0x001EA0, 0x000302, 0x001EA1, 0x000302, 0x000102, 0x000301,
    0x000103, 0x000301, 0x000102, 0x000300, 0x000103, 0x000300, 0x000102, 0x000309, 0x000103, 0x000309, 0x000102, 0x000303,
    0x000103, 0x000303, 0x001EA0, 0x000306, 0x001EA1, 0x000306, 0x000045, 0x000323, 0x000065, 0x000323, 0x000045, 0x000309,
    0x000065, 0x000309, 0x000045, 0x000303, 0x000065, 0x000303, 0x0000CA, 0x000301, 0x0000EA, 0x000301, 0x0000CA, 0x000300,
    0x0000EA, 0x000300, 0x0000CA, 0x000309, 0x0000EA, 0x000309, 0x0000CA, 0x000303, 0x0000EA, 0x000303, 0x001EB8, 0x000302,
    0x001EB9, 0x000302, 0x000049, 0x000309, 0x000069, 0x000309, 0x000049, 0x000323, 0x000069, 0x000323, 0x00004F, 0x000323,
    0x00006F, 0x000323, 0x00004F, 0x000309, 0x00006F, 0x000309, 0x0000D4, 0x000301, 0x0000F4, 0x000301, 0x0000D4, 0x000300,
    0x0000F4, 0x000300, 0x0000D4, 0x000309, 0x0000F4, 0x000309, 0x0000D4, 0x000303, 0x0000F4, 0x000303, 0x001ECC, 0x000302,
    0x001ECD, 0x000302, 0x0001A0, 0x000301, 0x0001A1, 0x000301, 0x0001A0, 0x000300, 0x0001A1, 0x000300, 0x0001A0, 0x000309,
    0x0001A1, 0x000309, 0x0001A0, 0x000303, 0x0001A1, 0x000303, 0x0001A0, 0x000323, 0x0001A1, 0x000323, 0x000055, 0x000323,
    0x000075, 0x000323, 0x000055, 0x000309, 0x000075, 0x000309, 0x0001AF, 0x000301, 0x0001B0, 0x000301, 0x0001AF, 0x000300,
    0x0001B0, 0x000300, 0x0001AF, 0x000309, 0x0001B0, 0x000309, 0x0001AF, 0x000303, 0x0001B0, 0x000303, 0x0001AF, 0x000323,
    0x0001B0, 0x000323, 0x000059, 0x000300, 0x000079, 0x000300, 0x000059, 0x000323, 0x000079, 0x000323, 0x000059, 0x000309,
    0x000079, 0x000309, 0x000059, 0x000303, 0x000079, 0x000303, 0x0003B1, 0x000313, 0x0003B1, 0x000314, 0x001F00, 0x000300,
    0x001F01, 0x000300, 0x001F00, 0x000301, 0x001F01, 0x000301, 0x001F00, 0x000342, 0x001F01, 0x000342, 0x000391, 0x000313,
    0x000391, 0x000314, 0x001F08, 0x000300, 0x001F09, 0x000300, 0x001F08, 0x000301, 0x001F09, 0x000301, 0x001F08, 0x000342,
    0x001F09, 0x000342, 0x0003B5, 0x000313, 0x0003B5, 0x000314, 0x001F10, 0x000300, 0x001F11, 0x000300, 0x001F10, 0x000301,
    0x001F11, 0x000301, 0x000395, 0x000313, 0x000395, 0x000314, 0x001F18, 0x000300, 0x001F19, 0x000300, 0x001F18, 0x000301,
    0x001F19, 0x000301, 0x0003B7, 0x000313, 0x0003B7, 0x000314, 0x001F20, 0x000300, 0x001F21, 0x000300, 0x001F20, 0x000301,
    0x001F21, 0x000301, 0x001F20, 0x000342, 0x001F21, 0x000342, 0x000397, 0x000313, 0x000397, 0x000314, 0x001F28, 0x000300,
    0x001F29, 0x000300, 0x001F28, 0x000301, 0x001F29, 0x000301, 0x001F28, 0x000342, 0x001F29, 0x000342, 0x0003B9, 0x000313,
    0x0003B9, 0x000314, 0x001F30, 0x000300, 0x001F31, 0x000300, 0x001F30, 0x000301, 0x001F31, 0x000301, 0x001F30, 0x000342,
    0x001F31, 0x000342, 0x000399, 0x000313, 0x000399, 0x000314, 0x001F38, 0x000300, 0x001F39, 0x000300, 0x001F38, 0x000301,
    0x001F39, 0x000301, 0x001F38, 0x000342, 0x001F39, 0x000342, 0x0003BF, 0x000313, 0x0003BF, 0x000314, 0x001F40, 0x000300,
    0x001F41, 0x000300, 0x001F40, 0x000301, 0x001F41, 0x000301, 0x00039F, 0x000313, 0x00039F, 0x000314, 0x001F48, 0x000300,
    0x001F49, 0x000300, 0x001F48, 0x000301, 0x001F49, 0x000301, 0x0003C5, 0x000313, 0x0003C5, 0x000314, 0x001F50, 0x000300,
    0x001F51, 0x000300, 0x001F50, 0x000301, 0x001F51, 0x000301, 0x001F50, 0x000342, 0x001F51, 0x000342, 0x0003A5, 0x000314,
    0x001F59, 0x000300, 0x001F59, 0x000301, 0x001F59, 0x000342, 0x0003C9, 0x000313, 0x0003C9, 0x000314, 0x001F60, 0x000300,
    0x001F61, 0x000300, 0x001F60, 0x000301, 0x001F61, 0x000301, 0x001F60, 0x000342, 0x001F61, 0x000342, 0x0003A9, 0x000313,
    0x0003A9, 0x000314, 0x001F68, 0x000300, 0x001F69, 0x000300, 0x001F68, 0x000301, 0x001F69, 0x000301, 0x001F68, 0x000342,
    0x001F69, 0x000342, 0x0003B1, 0x000300, 0x0003AC, 0x0003B5, 0x000300, 0x0003AD, 0x0003B7, 0x000300, 0x0003AE, 0x0003B9,
    0x000300, 0x0003AF, 0x0003BF, 0x000300, 0x0003CC, 0x0003C5, 0x000300, 0x0003CD, 0x0003C9, 0x000300, 0x0003CE, 0x001F00,
    0x000345, 0x001F01, 0x000345, 0x001F02, 0x000345, 0x001F03, 0x000345, 0x001F04, 0x000345, 0x001F05, 0x000345, 0x001F06,
    0x000345, 0x001F07, 0x000345, 0x001F08, 0x000345, 0x001F09, 0x000345, 0x001F0A, 0x000345, 0x001F0B, 0x000345, 0x001F0C,
    0x000345, 0x001F0D, 0x000345, 0x001F0E, 0x000345, 0x001F0F, 0x000345, 0x001F20, 0x000345, 0x001F21, 0x000345, 0x001F22,
    0x000345, 0x001F23, 0x000345, 0x001F24, 0x000345, 0x001F25, 0x000345, 0x001F26, 0x000345, 0x001F27, 0x000345, 0x001F28,
    0x000345, 0x001F29, 0x000345, 0x001F2A, 0x000345, 0x001F2B, 0x000345, 0x001F2C, 0x000345, 0x001F2D, 0x000345, 0x001F2E,
    0x000345, 0x001F2F, 0x000345, 0x001F60, 0x000345, 0x001F61, 0x000345, 0x001F62, 0x000345, 0x001F63, 0x000345, 0x001F64,
    0x000345, 0x001F65, 0x000345, 0x001F66, 0x000345, 0x001F67, 0x000345, 0x001F68, 0x000345, 0x001F69, 0x000345, 0x001F6A,
    0x000345, 0x001F6B, 0x000345, 0x001F6C, 0x000345, 0x001F6D, 0x000345, 0x001F6E, 0x000345, 0x001F6F, 0x000345, 0x0003B1,
    0x000306, 0x0003B1, 0x000304, 0x001F70, 0x000345, 0x0003B1, 0x000345, 0x0003AC, 0x000345, 0x0003B1, 0x000342, 0x001FB6,
    0x000345, 0x000391, 0x000306, 0x000391, 0x000304, 0x000391, 0x000300, 0x000386, 0x000391, 0x000345, 0x0003B9, 0x0000A8,
    0x000342, 0x001F74, 0x000345, 0x0003B7, 0x000345, 0x0003AE, 0x000345, 0x0003B7, 0x000342, 0x001FC6, 0x000345, 0x000395,
    0x000300, 0x000388, 0x000397, 0x000300, 0x000389, 0x000397, 0x000345, 0x001FBF, 0x000300, 0x001FBF, 0x000301, 0x001FBF,
    0x000342, 0x0003B9, 0x000306, 0x0003B9, 0x000304, 0x0003CA, 0x000300, 0x000390, 0x0003B9, 0x000342, 0x0003CA, 0x000342,
    0x000399, 0x000306, 0x000399, 0x000304, 0x000399, 0x000300, 0x00038A, 0x001FFE, 0x000300, 0x001FFE, 0x000301, 0x001FFE,
    0x000342, 0x0003C5, 0x000306, 0x0003C5, 0x000304, 0x0003CB, 0x000300, 0x0003B0, 0x0003C1, 0x000313, 0x0003C1, 0x000314,
    0x0003C5, 0x000342, 0x0003CB, 0x000342, 0x0003A5, 0x000306, 0x0003A5, 0x000304, 0x0003A5, 0x000300, 0x00038E, 0x0003A1,
    0x000314, 0x0000A8, 0x000300, 0x000385, 0x000060, 0x001F7C, 0x000345, 0x0003C9, 0x000345, 0x0003CE, 0x000345, 0x0003C9,
    0x000342, 0x001FF6, 0x000345, 0x00039F, 0x000300, 0x00038C, 0x0003A9, 0x000300, 0x00038F, 0x0003A9, 0x000345, 0x0000B4,
    0x002002, 0x002003, 0x0003A9, 0x00004B, 0x0000C5, 0x002190, 0x000338, 0x002192, 0x000338, 0x002194, 0x000338, 0x0021D0,
    0x000338, 0x0021D4, 0x000338, 0x0021D2, 0x000338, 0x002203, 0x000338, 0x002208, 0x000338, 0x00220B, 0x000338, 0x002223,
    0x000338, 0x002225, 0x000338, 0x00223C, 0x000338, 0x002243, 0x000338, 0x002245, 0x000338, 0x002248, 0x000338, 0x00003D,
    0x000338, 0x002261, 0x000338, 0x00224D, 0x000338, 0x00003C, 0x000338, 0x00003E, 0x000338, 0x002264, 0x000338, 0x002265,
    0x000338, 0x002272, 0x000338, 0x002273, 0x000338, 0x002276, 0x000338, 0x002277, 0x000338, 0x00227A, 0x000338, 0x00227B,
    0x000338, 0x002282, 0x000338, 0x002283, 0x000338, 0x002286, 0x000338, 0x002287, 0x000338, 0x0022A2, 0x000338, 0x0022A8,
    0x000338, 0x0022A9, 0x000338, 0x0022AB, 0x000338, 0x00227C, 0x000338, 0x00227D, 0x000338, 0x002291, 0x000338, 0x002292,
    0x000338, 0x0022B2, 0x000338, 0x0022B3, 0x000338, 0x0022B4, 0x000338, 0x0022B5, 0x000338, 0x003008, 0x003009, 0x002ADD,
    0x000338, 0x00304B, 0x003099, 0x00304D, 0x003099, 0x00304F, 0x003099, 0x003051, 0x003099, 0x003053, 0x003099, 0x003055,
    0x003099, 0x003057, 0x003099, 0x003059, 0x003099, 0x00305B, 0x003099, 0x00305D, 0x003099, 0x00305F, 0x003099, 0x003061,
    0x003099, 0x003064, 0x003099, 0x003066, 0x003099, 0x003068, 0x003099, 0x00306F, 0x003099, 0x00306F, 0x00309A, 0x003072,
    0x003099, 0x003072, 0x00309A, 0x003075, 0x003099, 0x003075, 0x00309A, 0x003078, 0x003099, 0x003078, 0x00309A, 0x00307B,
    0x003099, 0x00307B, 0x00309A, 0x003046, 0x003099, 0x00309D, 0x003099, 0x0030AB, 0x003099, 0x0030AD, 0x003099, 0x0030AF,
    0x003099, 0x0030B1, 0x003099, 0x0030B3, 0x003099, 0x0030B5, 0x003099, 0x0030B7, 0x003099, 0x0030B9, 0x003099, 0x0030BB,
    0x003099, 0x0030BD, 0x003099, 0x0030BF, 0x003099, 0x0030C1, 0x003099, 0x0030C4, 0x003099, 0x0030C6, 0x003099, 0x0030C8,
    0x003099, 0x0030CF, 0x003099, 0x0030CF, 0x00309A, 0x0030D2, 0x003099, 0x0030D2, 0x00309A, 0x0030D5, 0x003099, 0x0030D5,
    0x00309A, 0x0030D8, 0x003099, 0x0030D8, 0x00309A, 0x0030DB, 0x003099, 0x0030DB, 0x00309A, 0x0030A6, 0x003099, 0x0030EF,
    0x003099, 0x0030F0, 0x003099, 0x0030F1, 0x003099, 0x0030F2, 0x003099, 0x0030FD, 0x003099, 0x008C48, 0x0066F4, 0x008ECA,
    0x008CC8, 0x006ED1, 0x004E32, 0x0053E5, 0x009F9C, 0x009F9C, 0x005951, 0x0091D1, 0x005587, 0x005948, 0x0061F6, 0x007669,
    0x007F85, 0x00863F, 0x0087BA, 0x0088F8, 0x00908F, 0x006A02, 0x006D1B, 0x0070D9, 0x0073DE, 0x00843D, 0x00916A, 0x0099F1,
    0x004E82, 0x005375, 0x006B04, 0x00721B, 0x00862D, 0x009E1E, 0x005D50, 0x006FEB, 0x0085CD, 0x008964, 0x0062C9, 0x0081D8,
    0x00881F, 0x005ECA, 0x006717, 0x006D6A, 0x0072FC, 0x0090CE, 0x004F86, 0x0051B7, 0x0052DE, 0x0064C4, 0x006AD3, 0x007210,
    0x0076E7, 0x008001, 0x008606, 0x00865C, 0x008DEF, 0x009732, 0x009B6F, 0x009DFA, 0x00788C, 0x00797F, 0x007DA0, 0x0083C9,
    0x009304, 0x009E7F, 0x008AD6, 0x0058DF, 0x005F04, 0x007C60, 0x00807E, 0x007262, 0x0078CA, 0x008CC2, 0x0096F7, 0x0058D8,
    0x005C62, 0x006A13, 0x006DDA, 0x006F0F, 0x007D2F, 0x007E37, 0x00964B, 0x0052D2, 0x00808B, 0x0051DC, 0x0051CC, 0x007A1C,
    0x007DBE, 0x0083F1, 0x009675, 0x008B80, 0x0062CF, 0x006A02, 0x008AFE, 0x004E39, 0x005BE7, 0x006012, 0x007387, 0x007570,
    0x005317, 0x0078FB, 0x004FBF, 0x005FA9, 0x004E0D, 0x006CCC, 0x006578, 0x007D22, 0x0053C3, 0x00585E, 0x007701, 0x008449,
    0x008AAA, 0x006BBA, 0x008FB0, 0x006C88, 0x0062FE, 0x0082E5, 0x0063A0, 0x007565, 0x004EAE, 0x005169, 0x0051C9, 0x006881,
    0x007CE7, 0x00826F, 0x008AD2, 0x0091CF, 0x0052F5, 0x005442, 0x005973, 0x005EEC, 0x0065C5, 0x006FFE, 0x00792A, 0x0095AD,
    0x009A6A, 0x009E97, 0x009ECE, 0x00529B, 0x0066C6, 0x006B77, 0x008F62, 0x005E74, 0x006190, 0x006200, 0x00649A, 0x006F23,
    0x007149, 0x007489, 0x0079CA, 0x007DF4, 0x00806F, 0x008F26, 0x0084EE, 0x009023, 0x00934A, 0x005217, 0x0052A3, 0x0054BD,
    0x0070C8, 0x0088C2, 0x008AAA, 0x005EC9, 0x005FF5, 0x00637B, 0x006BAE, 0x007C3E, 0x007375, 0x004EE4, 0x0056F9, 0x005BE7,
    0x005DBA, 0x00601C, 0x0073B2, 0x007469, 0x007F9A, 0x008046, 0x009234, 0x0096F6, 0x009748, 0x009818, 0x004F8B, 0x0079AE,
    0x0091B4, 0x0096B8, 0x0060E1, 0x004E86, 0x0050DA, 0x005BEE, 0x005C3F, 0x006599, 0x006A02, 0x0071CE, 0x007642, 0x0084FC,
    0x00907C, 0x009F8D, 0x006688, 0x00962E, 0x005289, 0x00677B, 0x0067F3, 0x006D41, 0x006E9C, 0x007409, 0x007559, 0x00786B,
    0x007D10, 0x00985E, 0x00516D, 0x00622E, 0x009678, 0x00502B, 0x005D19, 0x006DEA, 0x008F2A, 0x005F8B, 0x006144, 0x006817,
    0x007387, 0x009686, 0x005229, 0x00540F, 0x005C65, 0x006613, 0x00674E, 0x0068A8, 0x006CE5, 0x007406, 0x0075E2, 0x007F79,
    0x0088CF, 0x0088E1, 0x0091CC, 0x0096E2, 0x00533F, 0x006EBA, 0x00541D, 0x0071D0, 0x007498, 0x0085FA, 0x0096A3, 0x009C57,
    0x009E9F, 0x006797, 0x006DCB, 0x0081E8, 0x007ACB, 0x007B20, 0x007C92, 0x0072C0, 0x007099, 0x008B58, 0x004EC0, 0x008336,
    0x00523A, 0x005207, 0x005EA6, 0x0062D3, 0x007CD6, 0x005B85, 0x006D1E, 0x0066B4, 0x008F3B, 0x00884C, 0x00964D, 0x00898B,
    0x005ED3, 0x005140, 0x0055C0, 0x00585A, 0x006674, 0x0051DE, 0x00732A, 0x0076CA, 0x00793C, 0x00795E, 0x007965, 0x00798F,
    0x009756, 0x007CBE, 0x007FBD, 0x008612, 0x008AF8, 0x009038, 0x0090FD, 0x0098EF, 0x0098FC, 0x009928, 0x009DB4, 0x0090DE,
    0x0096B7, 0x004FAE, 0x0050E7, 0x00514D, 0x0052C9, 0x0052E4, 0x005351, 0x00559D, 0x005606, 0x005668, 0x005840, 0x0058A8,
    0x005C64, 0x005C6E, 0x006094, 0x006168, 0x00618E, 0x0061F2, 0x00654F, 0x0065E2, 0x006691, 0x006885, 0x006D77, 0x006E1A,
    0x006F22, 0x00716E, 0x00722B, 0x007422, 0x007891, 0x00793E, 0x007949, 0x007948, 0x007950, 0x007956, 0x00795D, 0x00798D,
    0x00798E, 0x007A40, 0x007A81, 0x007BC0, 0x007DF4, 0x007E09, 0x007E41, 0x007F72, 0x008005, 0x0081ED, 0x008279, 0x008279,
    0x008457, 0x008910, 0x008996, 0x008B01, 0x008B39, 0x008CD3, 0x008D08, 0x008FB6, 0x009038, 0x0096E3, 0x0097FF, 0x00983B,
    0x006075, 0x0242EE, 0x008218, 0x004E26, 0x0051B5, 0x005168, 0x004F80, 0x005145, 0x005180, 0x0052C7, 0x0052FA, 0x00559D,
    0x005555, 0x005599, 0x0055E2, 0x00585A, 0x0058B3, 0x005944, 0x005954, 0x005A62, 0x005B28, 0x005ED2, 0x005ED9, 0x005F69,
    0x005FAD, 0x0060D8, 0x00614E, 0x006108, 0x00618E, 0x006160, 0x0061F2, 0x006234, 0x0063C4, 0x00641C, 0x006452, 0x006556,
    0x006674, 0x006717, 0x00671B, 0x006756, 0x006B79, 0x006BBA, 0x006D41, 0x006EDB, 0x006ECB, 0x006F22, 0x00701E, 0x00716E,
    0x0077A7, 0x007235, 0x0072AF, 0x00732A, 0x007471, 0x007506, 0x00753B, 0x00761D, 0x00761F, 0x0076CA, 0x0076DB, 0x0076F4,
    0x00774A, 0x007740, 0x0078CC, 0x007AB1, 0x007BC0, 0x007C7B, 0x007D5B, 0x007DF4, 0x007F3E, 0x008005, 0x008352, 0x0083EF,
    0x008779, 0x008941, 0x008986, 0x008996, 0x008ABF, 0x008AF8, 0x008ACB, 0x008B01, 0x008AFE, 0x008AED, 0x008B39, 0x008B8A,
    0x008D08, 0x008F38, 0x009072, 0x009199, 0x009276, 0x00967C, 0x0096E3, 0x009756, 0x0097DB, 0x0097FF, 0x00980B, 0x00983B,
    0x009B12, 0x009F9C, 0x02284A, 0x022844, 0x0233D5, 0x003B9D, 0x004018, 0x004039, 0x025249, 0x025CD0, 0x027ED3, 0x009F43,
    0x009F8E, 0x0005D9, 0x0005B4, 0x0005F2, 0x0005B7, 0x0005E9, 0x0005C1, 0x0005E9, 0x0005C2, 0x00FB49, 0x0005C1, 0x00FB49,
    0x0005C2, 0x0005D0, 0x0005B7, 0x0005D0, 0x0005B8, 0x0005D0, 0x0005BC, 0x0005D1, 0x0005BC, 0x0005D2, 0x0005BC, 0x0005D3,
    0x0005BC, 0x0005D4, 0x0005BC, 0x0005D5, 0x0005BC, 0x0005D6, 0x0005BC, 0x0005D8, 0x0005BC, 0x0005D9, 0x0005BC, 0x0005DA,
    0x0005BC, 0x0005DB, 0x0005BC, 0x0005DC, 0x0005BC, 0x0005DE, 0x0005BC, 0x0005E0, 0x0005BC, 0x0005E1, 0x0005BC, 0x0005E3,
    0x0005BC, 0x0005E4, 0x0005BC, 0x0005E6, 0x0005BC, 0x0005E7, 0x0005BC, 0x0005E8, 0x0005BC, 0x0005E9, 0x0005BC, 0x0005EA,
    0x0005BC, 0x0005D5, 0x0005B9, 0x0005D1, 0x0005BF, 0x0005DB, 0x0005BF, 0x0005E4, 0x0005BF, 0x011099, 0x0110BA, 0x01109B,
    0x0110BA, 0x0110A5, 0x0110BA, 0x011131, 0x011127, 0x011132, 0x011127, 0x011347, 0x01133E, 0x011347, 0x011357, 0x0114B9,
    0x0114BA, 0x0114B9, 0x0114B0, 0x0114B9, 0x0114BD, 0x0115B8, 0x0115AF, 0x0115B9, 0x0115AF, 0x011935, 0x011930, 0x01D157,
    0x01D165, 0x01D158, 0x01D165, 0x01D15F, 0x01D16E, 0x01D15F, 0x01D16F, 0x01D15F, 0x01D170, 0x01D15F, 0x01D171, 0x01D15F,
    0x01D172, 0x01D1B9, 0x01D165, 0x01D1BA, 0x01D165, 0x01D1BB, 0x01D16E, 0x01D1BC, 0x01D16E, 0x01D1BB, 0x01D16F, 0x01D1BC,
    0x01D16F, 0x004E3D, 0x004E38, 0x004E41, 0x020122, 0x004F60, 0x004FAE, 0x004FBB, 0x005002, 0x00507A, 0x005099, 0x0050E7,
    0x0050CF, 0x00349E, 0x02063A, 0x00514D, 0x005154, 0x005164, 0x005177, 0x02051C, 0x0034B9, 0x005167, 0x00518D, 0x02054B,
    0x005197, 0x0051A4, 0x004ECC, 0x0051AC, 0x0051B5, 0x0291DF, 0x0051F5, 0x005203, 0x0034DF, 0x00523B, 0x005246, 0x005272,
    0x005277, 0x003515, 0x0052C7, 0x0052C9, 0x0052E4, 0x0052FA, 0x005305, 0x005306, 0x005317, 0x005349, 0x005351, 0x00535A,
    0x005373, 0x00537D, 0x00537F, 0x00537F, 0x00537F, 0x020A2C, 0x007070, 0x0053CA, 0x0053DF, 0x020B63, 0x0053EB, 0x0053F1,
    0x005406, 0x00549E, 0x005438, 0x005448, 0x005468, 0x0054A2, 0x0054F6, 0x005510, 0x005553, 0x005563, 0x005584, 0x005584,
    0x005599, 0x0055AB, 0x0055B3, 0x0055C2, 0x005716, 0x005606, 0x005717, 0x005651, 0x005674, 0x005207, 0x0058EE, 0x0057CE,
    0x0057F4, 0x00580D, 0x00578B, 0x005832, 0x005831, 0x0058AC, 0x0214E4, 0x0058F2, 0x0058F7, 0x005906, 0x00591A, 0x005922,
    0x005962, 0x0216A8, 0x0216EA, 0x0059EC, 0x005A1B, 0x005A27, 0x0059D8, 0x005A66, 0x0036EE, 0x0036FC, 0x005B08, 0x005B3E,
    0x005B3E, 0x0219C8, 0x005BC3, 0x005BD8, 0x005BE7, 0x005BF3, 0x021B18, 0x005BFF, 0x005C06, 0x005F53, 0x005C22, 0x003781,
    0x005C60, 0x005C6E, 0x005CC0, 0x005C8D, 0x021DE4, 0x005D43, 0x021DE6, 0x005D6E, 0x005D6B, 0x005D7C, 0x005DE1, 0x005DE2,
    0x00382F, 0x005DFD, 0x005E28, 0x005E3D, 0x005E69, 0x003862, 0x022183, 0x00387C, 0x005EB0, 0x005EB3, 0x005EB6, 0x005ECA,
    0x02A392, 0x005EFE, 0x022331, 0x022331, 0x008201, 0x005F22, 0x005F22, 0x0038C7, 0x0232B8, 0x0261DA, 0x005F62, 0x005F6B,
    0x0038E3, 0x005F9A, 0x005FCD, 0x005FD7, 0x005FF9, 0x006081, 0x00393A, 0x00391C, 0x006094, 0x0226D4, 0x0060C7, 0x006148,
    0x00614C, 0x00614E, 0x00614C, 0x00617A, 0x00618E, 0x0061B2, 0x0061A4, 0x0061AF, 0x0061DE, 0x0061F2, 0x0061F6, 0x006210,
    0x00621B, 0x00625D, 0x0062B1, 0x0062D4, 0x006350, 0x022B0C, 0x00633D, 0x0062FC, 0x006368, 0x006383, 0x0063E4, 0x022BF1,
    0x006422, 0x0063C5, 0x0063A9, 0x003A2E, 0x006469, 0x00647E, 0x00649D, 0x006477, 0x003A6C, 0x00654F, 0x00656C, 0x02300A,
    0x0065E3, 0x0066F8, 0x006649, 0x003B19, 0x006691, 0x003B08, 0x003AE4, 0x005192, 0x005195, 0x006700, 0x00669C, 0x0080AD,
    0x0043D9, 0x006717, 0x00671B, 0x006721, 0x00675E, 0x006753, 0x0233C3, 0x003B49, 0x0067FA, 0x006785, 0x006852, 0x006885,
    0x02346D, 0x00688E, 0x00681F, 0x006914, 0x003B9D, 0x006942, 0x0069A3, 0x0069EA, 0x006AA8, 0x0236A3, 0x006ADB, 0x003C18,
    0x006B21, 0x0238A7, 0x006B54, 0x003C4E, 0x006B72, 0x006B9F, 0x006BBA, 0x006BBB, 0x023A8D, 0x021D0B, 0x023AFA, 0x006C4E,
    0x023CBC, 0x006CBF, 0x006CCD, 0x006C67, 0x006D16, 0x006D3E, 0x006D77, 0x006D41, 0x006D69, 0x006D78, 0x006D85, 0x023D1E,
    0x006D34, 0x006E2F, 0x006E6E, 0x003D33, 0x006ECB, 0x006EC7, 0x023ED1, 0x006DF9, 0x006F6E, 0x023F5E, 0x023F8E, 0x006FC6,
    0x007039, 0x00701E, 0x00701B, 0x003D96, 0x00704A, 0x00707D, 0x007077, 0x0070AD, 0x020525, 0x007145, 0x024263, 0x00719C,
    0x0243AB, 0x007228, 0x007235, 0x007250, 0x024608, 0x007280, 0x007295, 0x024735, 0x024814, 0x00737A, 0x00738B, 0x003EAC,
    0x0073A5, 0x003EB8, 0x003EB8, 0x007447, 0x00745C, 0x007471, 0x007485, 0x0074CA, 0x003F1B, 0x007524, 0x024C36, 0x00753E,
    0x024C92, 0x007570, 0x02219F, 0x007610, 0x024FA1, 0x024FB8, 0x025044, 0x003FFC, 0x004008, 0x0076F4, 0x0250F3, 0x0250F2,
    0x025119, 0x025133, 0x00771E, 0x00771F, 0x00771F, 0x00774A, 0x004039, 0x00778B, 0x004046, 0x004096, 0x02541D, 0x00784E,
    0x00788C, 0x0078CC, 0x0040E3, 0x025626, 0x007956, 0x02569A, 0x0256C5, 0x00798F, 0x0079EB, 0x00412F, 0x007A40, 0x007A4A,
    0x007A4F, 0x02597C, 0x025AA7, 0x025AA7, 0x007AEE, 0x004202, 0x025BAB, 0x007BC6, 0x007BC9, 0x004227, 0x025C80, 0x007CD2,
    0x0042A0, 0x007CE8, 0x007CE3, 0x007D00, 0x025F86, 0x007D63, 0x004301, 0x007DC7, 0x007E02, 0x007E45, 0x004334, 0x026228,
    0x026247, 0x004359, 0x0262D9, 0x007F7A, 0x02633E, 0x007F95, 0x007FFA, 0x008005, 0x0264DA, 0x026523, 0x008060, 0x0265A8,
    0x008070, 0x02335F, 0x0043D5, 0x0080B2, 0x008103, 0x00440B, 0x00813E, 0x005AB5, 0x0267A7, 0x0267B5, 0x023393, 0x02339C,
    0x008201, 0x008204, 0x008F9E, 0x00446B, 0x008291, 0x00828B, 0x00829D, 0x0052B3, 0x0082B1, 0x0082B3, 0x0082BD, 0x0082E6,
    0x026B3C, 0x0082E5, 0x00831D, 0x008363, 0x0083AD, 0x008323, 0x0083BD, 0x0083E7, 0x008457, 0x008353, 0x0083CA, 0x0083CC,
    0x0083DC, 0x026C36, 0x026D6B, 0x026CD5, 0x00452B, 0x0084F1, 0x0084F3, 0x008516, 0x0273CA, 0x008564, 0x026F2C, 0x00455D,
    0x004561, 0x026FB1, 0x0270D2, 0x00456B, 0x008650, 0x00865C, 0x008667, 0x008669, 0x0086A9, 0x008688, 0x00870E, 0x0086E2,
    0x008779, 0x008728, 0x00876B, 0x008786, 0x0045D7, 0x0087E1, 0x008801, 0x0045F9, 0x008860, 0x008863, 0x027667, 0x0088D7,
    0x0088DE, 0x004635, 0x0088FA, 0x0034BB, 0x0278AE, 0x027966, 0x0046BE, 0x0046C7, 0x008AA0, 0x008AED, 0x008B8A, 0x008C55,
    0x027CA8, 0x008CAB, 0x008CC1, 0x008D1B, 0x008D77, 0x027F2F, 0x020804, 0x008DCB, 0x008DBC, 0x008DF0, 0x0208DE, 0x008ED4,
    0x008F38, 0x0285D2, 0x0285ED, 0x009094, 0x0090F1, 0x009111, 0x02872E, 0x00911B, 0x009238, 0x0092D7, 0x0092D8, 0x00927C,
    0x0093F9, 0x009415, 0x028BFA, 0x00958B, 0x004995, 0x0095B7, 0x028D77, 0x0049E6, 0x0096C3, 0x005DB2, 0x009723, 0x029145,
    0x02921A, 0x004A6E, 0x004A76, 0x0097E0, 0x02940A, 0x004AB2, 0x029496, 0x00980B, 0x00980B, 0x009829, 0x0295B6, 0x0098E2,
    0x004B33, 0x009929, 0x0099A7, 0x0099C2, 0x0099FE, 0x004BCE, 0x029B30, 0x009B12, 0x009C40, 0x009CFD, 0x004CCE, 0x004CED,
    0x009D67, 0x02A0CE, 0x004CF8, 0x02A105, 0x02A20E, 0x02A291, 0x009EBB, 0x004D56, 0x009EF9, 0x009EFE, 0x009F05, 0x009F0F,
    0x009F16, 0x009F3B, 0x02A600,
};

struct CpDecompEntry { char32_t cp; uint32_t offset; uint8_t len; };
inline constexpr CpDecompEntry kCanonicalDecomp[] = {
    {0x0000C0, 0, 2},
    {0x0000C1, 2, 2},
    {0x0000C2, 4, 2},
    {0x0000C3, 6, 2},
    {0x0000C4, 8, 2},
    {0x0000C5, 10, 2},
    {0x0000C7, 12, 2},
    {0x0000C8, 14, 2},
    {0x0000C9, 16, 2},
    {0x0000CA, 18, 2},
    {0x0000CB, 20, 2},
    {0x0000CC, 22, 2},
    {0x0000CD, 24, 2},
    {0x0000CE, 26, 2},
    {0x0000CF, 28, 2},
    {0x0000D1, 30, 2},
    {0x0000D2, 32, 2},
    {0x0000D3, 34, 2},
    {0x0000D4, 36, 2},
    {0x0000D5, 38, 2},
    {0x0000D6, 40, 2},
    {0x0000D9, 42, 2},
    {0x0000DA, 44, 2},
    {0x0000DB, 46, 2},
    {0x0000DC, 48, 2},
    {0x0000DD, 50, 2},
    {0x0000E0, 52, 2},
    {0x0000E1, 54, 2},
    {0x0000E2, 56, 2},
    {0x0000E3, 58, 2},
    {0x0000E4, 60, 2},
    {0x0000E5, 62, 2},
    {0x0000E7, 64, 2},
    {0x0000E8, 66, 2},
    {0x0000E9, 68, 2},
    {0x0000EA, 70, 2},
    {0x0000EB, 72, 2},
    {0x0000EC, 74, 2},
    {0x0000ED, 76, 2},
    {0x0000EE, 78, 2},
    {0x0000EF, 80, 2},
    {0x0000F1, 82, 2},
    {0x0000F2, 84, 2},
    {0x0000F3, 86, 2},
    {0x0000F4, 88, 2},
    {0x0000F5, 90, 2},
    {0x0000F6, 92, 2},
    {0x0000F9, 94, 2},
    {0x0000FA, 96, 2},
    {0x0000FB, 98, 2},
    {0x0000FC, 100, 2},
    {0x0000FD, 102, 2},
    {0x0000FF, 104, 2},
    {0x000100, 106, 2},
    {0x000101, 108, 2},
    {0x000102, 110, 2},
    {0x000103, 112, 2},
    {0x000104, 114, 2},
    {0x000105, 116, 2},
    {0x000106, 118, 2},
    {0x000107, 120, 2},
    {0x000108, 122, 2},
    {0x000109, 124, 2},
    {0x00010A, 126, 2},
    {0x00010B, 128, 2},
    {0x00010C, 130, 2},
    {0x00010D, 132, 2},
    {0x00010E, 134, 2},
    {0x00010F, 136, 2},
    {0x000112, 138, 2},
    {0x000113, 140, 2},
    {0x000114, 142, 2},
    {0x000115, 144, 2},
    {0x000116, 146, 2},
    {0x000117, 148, 2},
    {0x000118, 150, 2},
    {0x000119, 152, 2},
    {0x00011A, 154, 2},
    {0x00011B, 156, 2},
    {0x00011C, 158, 2},
    {0x00011D, 160, 2},
    {0x00011E, 162, 2},
    {0x00011F, 164, 2},
    {0x000120, 166, 2},
    {0x000121, 168, 2},
    {0x000122, 170, 2},
    {0x000123, 172, 2},
    {0x000124, 174, 2},
    {0x000125, 176, 2},
    {0x000128, 178, 2},
    {0x000129, 180, 2},
    {0x00012A, 182, 2},
    {0x00012B, 184, 2},
    {0x00012C, 186, 2},
    {0x00012D, 188, 2},
    {0x00012E, 190, 2},
    {0x00012F, 192, 2},
    {0x000130, 194, 2},
    {0x000134, 196, 2},
    {0x000135, 198, 2},
    {0x000136, 200, 2},
    {0x000137, 202, 2},
    {0x000139, 204, 2},
    {0x00013A, 206, 2},
    {0x00013B, 208, 2},
    {0x00013C, 210, 2},
    {0x00013D, 212, 2},
    {0x00013E, 214, 2},
    {0x000143, 216, 2},
    {0x000144, 218, 2},
    {0x000145, 220, 2},
    {0x000146, 222, 2},
    {0x000147, 224, 2},
    {0x000148, 226, 2},
    {0x00014C, 228, 2},
    {0x00014D, 230, 2},
    {0x00014E, 232, 2},
    {0x00014F, 234, 2},
    {0x000150, 236, 2},
    {0x000151, 238, 2},
    {0x000154, 240, 2},
    {0x000155, 242, 2},
    {0x000156, 244, 2},
    {0x000157, 246, 2},
    {0x000158, 248, 2},
    {0x000159, 250, 2},
    {0x00015A, 252, 2},
    {0x00015B, 254, 2},
    {0x00015C, 256, 2},
    {0x00015D, 258, 2},
    {0x00015E, 260, 2},
    {0x00015F, 262, 2},
    {0x000160, 264, 2},
    {0x000161, 266, 2},
    {0x000162, 268, 2},
    {0x000163, 270, 2},
    {0x000164, 272, 2},
    {0x000165, 274, 2},
    {0x000168, 276, 2},
    {0x000169, 278, 2},
    {0x00016A, 280, 2},
    {0x00016B, 282, 2},
    {0x00016C, 284, 2},
    {0x00016D, 286, 2},
    {0x00016E, 288, 2},
    {0x00016F, 290, 2},
    {0x000170, 292, 2},
    {0x000171, 294, 2},
    {0x000172, 296, 2},
    {0x000173, 298, 2},
    {0x000174, 300, 2},
    {0x000175, 302, 2},
    {0x000176, 304, 2},
    {0x000177, 306, 2},
    {0x000178, 308, 2},
    {0x000179, 310, 2},
    {0x00017A, 312, 2},
    {0x00017B, 314, 2},
    {0x00017C, 316, 2},
    {0x00017D, 318, 2},
    {0x00017E, 320, 2},
    {0x0001A0, 322, 2},
    {0x0001A1, 324, 2},
    {0x0001AF, 326, 2},
    {0x0001B0, 328, 2},
    {0x0001CD, 330, 2},
    {0x0001CE, 332, 2},
    {0x0001CF, 334, 2},
    {0x0001D0, 336, 2},
    {0x0001D1, 338, 2},
    {0x0001D2, 340, 2},
    {0x0001D3, 342, 2},
    {0x0001D4, 344, 2},
    {0x0001D5, 346, 2},
    {0x0001D6, 348, 2},
    {0x0001D7, 350, 2},
    {0x0001D8, 352, 2},
    {0x0001D9, 354, 2},
    {0x0001DA, 356, 2},
    {0x0001DB, 358, 2},
    {0x0001DC, 360, 2},
    {0x0001DE, 362, 2},
    {0x0001DF, 364, 2},
    {0x0001E0, 366, 2},
    {0x0001E1, 368, 2},
    {0x0001E2, 370, 2},
    {0x0001E3, 372, 2},
    {0x0001E6, 374, 2},
    {0x0001E7, 376, 2},
    {0x0001E8, 378, 2},
    {0x0001E9, 380, 2},
    {0x0001EA, 382, 2},
    {0x0001EB, 384, 2},
    {0x0001EC, 386, 2},
    {0x0001ED, 388, 2},
    {0x0001EE, 390, 2},
    {0x0001EF, 392, 2},
    {0x0001F0, 394, 2},
    {0x0001F4, 396, 2},
    {0x0001F5, 398, 2},
    {0x0001F8, 400, 2},
    {0x0001F9, 402, 2},
    {0x0001FA, 404, 2},
    {0x0001FB, 406, 2},
    {0x0001FC, 408, 2},
    {0x0001FD, 410, 2},
    {0x0001FE, 412, 2},
    {0x0001FF, 414, 2},
    {0x000200, 416, 2},
    {0x000201, 418, 2},
    {0x000202, 420, 2},
    {0x000203, 422, 2},
    {0x000204, 424, 2},
    {0x000205, 426, 2},
    {0x000206, 428, 2},
    {0x000207, 430, 2},
    {0x000208, 432, 2},
    {0x000209, 434, 2},
    {0x00020A, 436, 2},
    {0x00020B, 438, 2},
    {0x00020C, 440, 2},
    {0x00020D, 442, 2},
    {0x00020E, 444, 2},
    {0x00020F, 446, 2},
    {0x000210, 448, 2},
    {0x000211, 450, 2},
    {0x000212, 452, 2},
    {0x000213, 454, 2},
    {0x000214, 456, 2},
    {0x000215, 458, 2},
    {0x000216, 460, 2},
    {0x000217, 462, 2},
    {0x000218, 464, 2},
    {0x000219, 466, 2},
    {0x00021A, 468, 2},
    {0x00021B, 470, 2},
    {0x00021E, 472, 2},
    {0x00021F, 474, 2},
    {0x000226, 476, 2},
    {0x000227, 478, 2},
    {0x000228, 480, 2},
    {0x000229, 482, 2},
    {0x00022A, 484, 2},
    {0x00022B, 486, 2},
    {0x00022C, 488, 2},
    {0x00022D, 490, 2},
    {0x00022E, 492, 2},
    {0x00022F, 494, 2},
    {0x000230, 496, 2},
    {0x000231, 498, 2},
    {0x000232, 500, 2},
    {0x000233, 502, 2},
    {0x000340, 504, 1},
    {0x000341, 505, 1},
    {0x000343, 506, 1},
    {0x000344, 507, 2},
    {0x000374, 509, 1},
    {0x00037E, 510, 1},
    {0x000385, 511, 2},
    {0x000386, 513, 2},
    {0x000387, 515, 1},
    {0x000388, 516, 2},
    {0x000389, 518, 2},
    {0x00038A, 520, 2},
    {0x00038C, 522, 2},
    {0x00038E, 524, 2},
    {0x00038F, 526, 2},
    {0x000390, 528, 2},
    {0x0003AA, 530, 2},
    {0x0003AB, 532, 2},
    {0x0003AC, 534, 2},
    {0x0003AD, 536, 2},
    {0x0003AE, 538, 2},
    {0x0003AF, 540, 2},
    {0x0003B0, 542, 2},
    {0x0003CA, 544, 2},
    {0x0003CB, 546, 2},
    {0x0003CC, 548, 2},
    {0x0003CD, 550, 2},
    {0x0003CE, 552, 2},
    {0x0003D3, 554, 2},
    {0x0003D4, 556, 2},
    {0x000400, 558, 2},
    {0x000401, 560, 2},
    {0x000403, 562, 2},
    {0x000407, 564, 2},
    {0x00040C, 566, 2},
    {0x00040D, 568, 2},
    {0x00040E, 570, 2},
    {0x000419, 572, 2},
    {0x000439, 574, 2},
    {0x000450, 576, 2},
    {0x000451, 578, 2},
    {0x000453, 580, 2},
    {0x000457, 582, 2},
    {0x00045C, 584, 2},
    {0x00045D, 586, 2},
    {0x00045E, 588, 2},
    {0x000476, 590, 2},
    {0x000477, 592, 2},
    {0x0004C1, 594, 2},
    {0x0004C2, 596, 2},
    {0x0004D0, 598, 2},
    {0x0004D1, 600, 2},
    {0x0004D2, 602, 2},
    {0x0004D3, 604, 2},
    {0x0004D6, 606, 2},
    {0x0004D7, 608, 2},
    {0x0004DA, 610, 2},
    {0x0004DB, 612, 2},
    {0x0004DC, 614, 2},
    {0x0004DD, 616, 2},
    {0x0004DE, 618, 2},
    {0x0004DF, 620, 2},
    {0x0004E2, 622, 2},
    {0x0004E3, 624, 2},
    {0x0004E4, 626, 2},
    {0x0004E5, 628, 2},
    {0x0004E6, 630, 2},
    {0x0004E7, 632, 2},
    {0x0004EA, 634, 2},
    {0x0004EB, 636, 2},
    {0x0004EC, 638, 2},
    {0x0004ED, 640, 2},
    {0x0004EE, 642, 2},
    {0x0004EF, 644, 2},
    {0x0004F0, 646, 2},
    {0x0004F1, 648, 2},
    {0x0004F2, 650, 2},
    {0x0004F3, 652, 2},
    {0x0004F4, 654, 2},
    {0x0004F5, 656, 2},
    {0x0004F8, 658, 2},
    {0x0004F9, 660, 2},
    {0x000622, 662, 2},
    {0x000623, 664, 2},
    {0x000624, 666, 2},
    {0x000625, 668, 2},
    {0x000626, 670, 2},
    {0x0006C0, 672, 2},
    {0x0006C2, 674, 2},
    {0x0006D3, 676, 2},
    {0x000929, 678, 2},
    {0x000931, 680, 2},
    {0x000934, 682, 2},
    {0x000958, 684, 2},
    {0x000959, 686, 2},
    {0x00095A, 688, 2},
    {0x00095B, 690, 2},
    {0x00095C, 692, 2},
    {0x00095D, 694, 2},
    {0x00095E, 696, 2},
    {0x00095F, 698, 2},
    {0x0009CB, 700, 2},
    {0x0009CC, 702, 2},
    {0x0009DC, 704, 2},
    {0x0009DD, 706, 2},
    {0x0009DF, 708, 2},
    {0x000A33, 710, 2},
    {0x000A36, 712, 2},
    {0x000A59, 714, 2},
    {0x000A5A, 716, 2},
    {0x000A5B, 718, 2},
    {0x000A5E, 720, 2},
    {0x000B48, 722, 2},
    {0x000B4B, 724, 2},
    {0x000B4C, 726, 2},
    {0x000B5C, 728, 2},
    {0x000B5D, 730, 2},
    {0x000B94, 732, 2},
    {0x000BCA, 734, 2},
    {0x000BCB, 736, 2},
    {0x000BCC, 738, 2},
    {0x000C48, 740, 2},
    {0x000CC0, 742, 2},
    {0x000CC7, 744, 2},
    {0x000CC8, 746, 2},
    {0x000CCA, 748, 2},
    {0x000CCB, 750, 2},
    {0x000D4A, 752, 2},
    {0x000D4B, 754, 2},
    {0x000D4C, 756, 2},
    {0x000DDA, 758, 2},
    {0x000DDC, 760, 2},
    {0x000DDD, 762, 2},
    {0x000DDE, 764, 2},
    {0x000F43, 766, 2},
    {0x000F4D, 768, 2},
    {0x000F52, 770, 2},
    {0x000F57, 772, 2},
    {0x000F5C, 774, 2},
    {0x000F69, 776, 2},
    {0x000F73, 778, 2},
    {0x000F75, 780, 2},
    {0x000F76, 782, 2},
    {0x000F78, 784, 2},
    {0x000F81, 786, 2},
    {0x000F93, 788, 2},
    {0x000F9D, 790, 2},
    {0x000FA2, 792, 2},
    {0x000FA7, 794, 2},
    {0x000FAC, 796, 2},
    {0x000FB9, 798, 2},
    {0x001026, 800, 2},
    {0x001B06, 802, 2},
    {0x001B08, 804, 2},
    {0x001B0A, 806, 2},
    {0x001B0C, 808, 2},
    {0x001B0E, 810, 2},
    {0x001B12, 812, 2},
    {0x001B3B, 814, 2},
    {0x001B3D, 816, 2},
    {0x001B40, 818, 2},
    {0x001B41, 820, 2},
    {0x001B43, 822, 2},
    {0x001E00, 824, 2},
    {0x001E01, 826, 2},
    {0x001E02, 828, 2},
    {0x001E03, 830, 2},
    {0x001E04, 832, 2},
    {0x001E05, 834, 2},
    {0x001E06, 836, 2},
    {0x001E07, 838, 2},
    {0x001E08, 840, 2},
    {0x001E09, 842, 2},
    {0x001E0A, 844, 2},
    {0x001E0B, 846, 2},
    {0x001E0C, 848, 2},
    {0x001E0D, 850, 2},
    {0x001E0E, 852, 2},
    {0x001E0F, 854, 2},
    {0x001E10, 856, 2},
    {0x001E11, 858, 2},
    {0x001E12, 860, 2},
    {0x001E13, 862, 2},
    {0x001E14, 864, 2},
    {0x001E15, 866, 2},
    {0x001E16, 868, 2},
    {0x001E17, 870, 2},
    {0x001E18, 872, 2},
    {0x001E19, 874, 2},
    {0x001E1A, 876, 2},
    {0x001E1B, 878, 2},
    {0x001E1C, 880, 2},
    {0x001E1D, 882, 2},
    {0x001E1E, 884, 2},
    {0x001E1F, 886, 2},
    {0x001E20, 888, 2},
    {0x001E21, 890, 2},
    {0x001E22, 892, 2},
    {0x001E23, 894, 2},
    {0x001E24, 896, 2},
    {0x001E25, 898, 2},
    {0x001E26, 900, 2},
    {0x001E27, 902, 2},
    {0x001E28, 904, 2},
    {0x001E29, 906, 2},
    {0x001E2A, 908, 2},
    {0x001E2B, 910, 2},
    {0x001E2C, 912, 2},
    {0x001E2D, 914, 2},
    {0x001E2E, 916, 2},
    {0x001E2F, 918, 2},
    {0x001E30, 920, 2},
    {0x001E31, 922, 2},
    {0x001E32, 924, 2},
    {0x001E33, 926, 2},
    {0x001E34, 928, 2},
    {0x001E35, 930, 2},
    {0x001E36, 932, 2},
    {0x001E37, 934, 2},
    {0x001E38, 936, 2},
    {0x001E39, 938, 2},
    {0x001E3A, 940, 2},
    {0x001E3B, 942, 2},
    {0x001E3C, 944, 2},
    {0x001E3D, 946, 2},
    {0x001E3E, 948, 2},
    {0x001E3F, 950, 2},
    {0x001E40, 952, 2},
    {0x001E41, 954, 2},
    {0x001E42, 956, 2},
    {0x001E43, 958, 2},
    {0x001E44, 960, 2},
    {0x001E45, 962, 2},
    {0x001E46, 964, 2},
    {0x001E47, 966, 2},
    {0x001E48, 968, 2},
    {0x001E49, 970, 2},
    {0x001E4A, 972, 2},
    {0x001E4B, 974, 2},
    {0x001E4C, 976, 2},
    {0x001E4D, 978, 2},
    {0x001E4E, 980, 2},
    {0x001E4F, 982, 2},
    {0x001E50, 984, 2},
    {0x001E51, 986, 2},
    {0x001E52, 988, 2},
    {0x001E53, 990, 2},
    {0x001E54, 992, 2},
    {0x001E55, 994, 2},
    {0x001E56, 996, 2},
    {0x001E57, 998, 2},
    {0x001E58, 1000, 2},
    {0x001E59, 1002, 2},
    {0x001E5A, 1004, 2},
    {0x001E5B, 1006, 2},
    {0x001E5C, 1008, 2},
    {0x001E5D, 1010, 2},
    {0x001E5E, 1012, 2},
    {0x001E5F, 1014, 2},
    {0x001E60, 1016, 2},
    {0x001E61, 1018, 2},
    {0x001E62, 1020, 2},
    {0x001E63, 1022, 2},
    {0x001E64, 1024, 2},
    {0x001E65, 1026, 2},
    {0x001E66, 1028, 2},
    {0x001E67, 1030, 2},
    {0x001E68, 1032, 2},
    {0x001E69, 1034, 2},
    {0x001E6A, 1036, 2},
    {0x001E6B, 1038, 2},
    {0x001E6C, 1040, 2},
    {0x001E6D, 1042, 2},
    {0x001E6E, 1044, 2},
    {0x001E6F, 1046, 2},
    {0x001E70, 1048, 2},
    {0x001E71, 1050, 2},
    {0x001E72, 1052, 2},
    {0x001E73, 1054, 2},
    {0x001E74, 1056, 2},
    {0x001E75, 1058, 2},
    {0x001E76, 1060, 2},
    {0x001E77, 1062, 2},
    {0x001E78, 1064, 2},
    {0x001E79, 1066, 2},
    {0x001E7A, 1068, 2},
    {0x001E7B, 1070, 2},
    {0x001E7C, 1072, 2},
    {0x001E7D, 1074, 2},
    {0x001E7E, 1076, 2},
    {0x001E7F, 1078, 2},
    {0x001E80, 1080, 2},
    {0x001E81, 1082, 2},
    {0x001E82, 1084, 2},
    {0x001E83, 1086, 2},
    {0x001E84, 1088, 2},
    {0x001E85, 1090, 2},
    {0x001E86, 1092, 2},
    {0x001E87, 1094, 2},
    {0x001E88, 1096, 2},
    {0x001E89, 1098, 2},
    {0x001E8A, 1100, 2},
    {0x001E8B, 1102, 2},
    {0x001E8C, 1104, 2},
    {0x001E8D, 1106, 2},
    {0x001E8E, 1108, 2},
    {0x001E8F, 1110, 2},
    {0x001E90, 1112, 2},
    {0x001E91, 1114, 2},
    {0x001E92, 1116, 2},
    {0x001E93, 1118, 2},
    {0x001E94, 1120, 2},
    {0x001E95, 1122, 2},
    {0x001E96, 1124, 2},
    {0x001E97, 1126, 2},
    {0x001E98, 1128, 2},
    {0x001E99, 1130, 2},
    {0x001E9B, 1132, 2},
    {0x001EA0, 1134, 2},
    {0x001EA1, 1136, 2},
    {0x001EA2, 1138, 2},
    {0x001EA3, 1140, 2},
    {0x001EA4, 1142, 2},
    {0x001EA5, 1144, 2},
    {0x001EA6, 1146, 2},
    {0x001EA7, 1148, 2},
    {0x001EA8, 1150, 2},
    {0x001EA9, 1152, 2},
    {0x001EAA, 1154, 2},
    {0x001EAB, 1156, 2},
    {0x001EAC, 1158, 2},
    {0x001EAD, 1160, 2},
    {0x001EAE, 1162, 2},
    {0x001EAF, 1164, 2},
    {0x001EB0, 1166, 2},
    {0x001EB1, 1168, 2},
    {0x001EB2, 1170, 2},
    {0x001EB3, 1172, 2},
    {0x001EB4, 1174, 2},
    {0x001EB5, 1176, 2},
    {0x001EB6, 1178, 2},
    {0x001EB7, 1180, 2},
    {0x001EB8, 1182, 2},
    {0x001EB9, 1184, 2},
    {0x001EBA, 1186, 2},
    {0x001EBB, 1188, 2},
    {0x001EBC, 1190, 2},
    {0x001EBD, 1192, 2},
    {0x001EBE, 1194, 2},
    {0x001EBF, 1196, 2},
    {0x001EC0, 1198, 2},
    {0x001EC1, 1200, 2},
    {0x001EC2, 1202, 2},
    {0x001EC3, 1204, 2},
    {0x001EC4, 1206, 2},
    {0x001EC5, 1208, 2},
    {0x001EC6, 1210, 2},
    {0x001EC7, 1212, 2},
    {0x001EC8, 1214, 2},
    {0x001EC9, 1216, 2},
    {0x001ECA, 1218, 2},
    {0x001ECB, 1220, 2},
    {0x001ECC, 1222, 2},
    {0x001ECD, 1224, 2},
    {0x001ECE, 1226, 2},
    {0x001ECF, 1228, 2},
    {0x001ED0, 1230, 2},
    {0x001ED1, 1232, 2},
    {0x001ED2, 1234, 2},
    {0x001ED3, 1236, 2},
    {0x001ED4, 1238, 2},
    {0x001ED5, 1240, 2},
    {0x001ED6, 1242, 2},
    {0x001ED7, 1244, 2},
    {0x001ED8, 1246, 2},
    {0x001ED9, 1248, 2},
    {0x001EDA, 1250, 2},
    {0x001EDB, 1252, 2},
    {0x001EDC, 1254, 2},
    {0x001EDD, 1256, 2},
    {0x001EDE, 1258, 2},
    {0x001EDF, 1260, 2},
    {0x001EE0, 1262, 2},
    {0x001EE1, 1264, 2},
    {0x001EE2, 1266, 2},
    {0x001EE3, 1268, 2},
    {0x001EE4, 1270, 2},
    {0x001EE5, 1272, 2},
    {0x001EE6, 1274, 2},
    {0x001EE7, 1276, 2},
    {0x001EE8, 1278, 2},
    {0x001EE9, 1280, 2},
    {0x001EEA, 1282, 2},
    {0x001EEB, 1284, 2},
    {0x001EEC, 1286, 2},
    {0x001EED, 1288, 2},
    {0x001EEE, 1290, 2},
    {0x001EEF, 1292, 2},
    {0x001EF0, 1294, 2},
    {0x001EF1, 1296, 2},
    {0x001EF2, 1298, 2},
    {0x001EF3, 1300, 2},
    {0x001EF4, 1302, 2},
    {0x001EF5, 1304, 2},
    {0x001EF6, 1306, 2},
    {0x001EF7, 1308, 2},
    {0x001EF8, 1310, 2},
    {0x001EF9, 1312, 2},
    {0x001F00, 1314, 2},
    {0x001F01, 1316, 2},
    {0x001F02, 1318, 2},
    {0x001F03, 1320, 2},
    {0x001F04, 1322, 2},
    {0x001F05, 1324, 2},
    {0x001F06, 1326, 2},
    {0x001F07, 1328, 2},
    {0x001F08, 1330, 2},
    {0x001F09, 1332, 2},
    {0x001F0A, 1334, 2},
    {0x001F0B, 1336, 2},
    {0x001F0C, 1338, 2},
    {0x001F0D, 1340, 2},
    {0x001F0E, 1342, 2},
    {0x001F0F, 1344, 2},
    {0x001F10, 1346, 2},
    {0x001F11, 1348, 2},
    {0x001F12, 1350, 2},
    {0x001F13, 1352, 2},
    {0x001F14, 1354, 2},
    {0x001F15, 1356, 2},
    {0x001F18, 1358, 2},
    {0x001F19, 1360, 2},
    {0x001F1A, 1362, 2},
    {0x001F1B, 1364, 2},
    {0x001F1C, 1366, 2},
    {0x001F1D, 1368, 2},
    {0x001F20, 1370, 2},
    {0x001F21, 1372, 2},
    {0x001F22, 1374, 2},
    {0x001F23, 1376, 2},
    {0x001F24, 1378, 2},
    {0x001F25, 1380, 2},
    {0x001F26, 1382, 2},
    {0x001F27, 1384, 2},
    {0x001F28, 1386, 2},
    {0x001F29, 1388, 2},
    {0x001F2A, 1390, 2},
    {0x001F2B, 1392, 2},
    {0x001F2C, 1394, 2},
    {0x001F2D, 1396, 2},
    {0x001F2E, 1398, 2},
    {0x001F2F, 1400, 2},
    {0x001F30, 1402, 2},
    {0x001F31, 1404, 2},
    {0x001F32, 1406, 2},
    {0x001F33, 1408, 2},
    {0x001F34, 1410, 2},
    {0x001F35, 1412, 2},
    {0x001F36, 1414, 2},
    {0x001F37, 1416, 2},
    {0x001F38, 1418, 2},
    {0x001F39, 1420, 2},
    {0x001F3A, 1422, 2},
    {0x001F3B, 1424, 2},
    {0x001F3C, 1426, 2},
    {0x001F3D, 1428, 2},
    {0x001F3E, 1430, 2},
    {0x001F3F, 1432, 2},
    {0x001F40, 1434, 2},
    {0x001F41, 1436, 2},
    {0x001F42, 1438, 2},
    {0x001F43, 1440, 2},
    {0x001F44, 1442, 2},
    {0x001F45, 1444, 2},
    {0x001F48, 1446, 2},
    {0x001F49, 1448, 2},
    {0x001F4A, 1450, 2},
    {0x001F4B, 1452, 2},
    {0x001F4C, 1454, 2},
    {0x001F4D, 1456, 2},
    {0x001F50, 1458, 2},
    {0x001F51, 1460, 2},
    {0x001F52, 1462, 2},
    {0x001F53, 1464, 2},
    {0x001F54, 1466, 2},
    {0x001F55, 1468, 2},
    {0x001F56, 1470, 2},
    {0x001F57, 1472, 2},
    {0x001F59, 1474, 2},
    {0x001F5B, 1476, 2},
    {0x001F5D, 1478, 2},
    {0x001F5F, 1480, 2},
    {0x001F60, 1482, 2},
    {0x001F61, 1484, 2},
    {0x001F62, 1486, 2},
    {0x001F63, 1488, 2},
    {0x001F64, 1490, 2},
    {0x001F65, 1492, 2},
    {0x001F66, 1494, 2},
    {0x001F67, 1496, 2},
    {0x001F68, 1498, 2},
    {0x001F69, 1500, 2},
    {0x001F6A, 1502, 2},
    {0x001F6B, 1504, 2},
    {0x001F6C, 1506, 2},
    {0x001F6D, 1508, 2},
    {0x001F6E, 1510, 2},
    {0x001F6F, 1512, 2},
    {0x001F70, 1514, 2},
    {0x001F71, 1516, 1},
    {0x001F72, 1517, 2},
    {0x001F73, 1519, 1},
    {0x001F74, 1520, 2},
    {0x001F75, 1522, 1},
    {0x001F76, 1523, 2},
    {0x001F77, 1525, 1},
    {0x001F78, 1526, 2},
    {0x001F79, 1528, 1},
    {0x001F7A, 1529, 2},
    {0x001F7B, 1531, 1},
    {0x001F7C, 1532, 2},
    {0x001F7D, 1534, 1},
    {0x001F80, 1535, 2},
    {0x001F81, 1537, 2},
    {0x001F82, 1539, 2},
    {0x001F83, 1541, 2},
    {0x001F84, 1543, 2},
    {0x001F85, 1545, 2},
    {0x001F86, 1547, 2},
    {0x001F87, 1549, 2},
    {0x001F88, 1551, 2},
    {0x001F89, 1553, 2},
    {0x001F8A, 1555, 2},
    {0x001F8B, 1557, 2},
    {0x001F8C, 1559, 2},
    {0x001F8D, 1561, 2},
    {0x001F8E, 1563, 2},
    {0x001F8F, 1565, 2},
    {0x001F90, 1567, 2},
    {0x001F91, 1569, 2},
    {0x001F92, 1571, 2},
    {0x001F93, 1573, 2},
    {0x001F94, 1575, 2},
    {0x001F95, 1577, 2},
    {0x001F96, 1579, 2},
    {0x001F97, 1581, 2},
    {0x001F98, 1583, 2},
    {0x001F99, 1585, 2},
    {0x001F9A, 1587, 2},
    {0x001F9B, 1589, 2},
    {0x001F9C, 1591, 2},
    {0x001F9D, 1593, 2},
    {0x001F9E, 1595, 2},
    {0x001F9F, 1597, 2},
    {0x001FA0, 1599, 2},
    {0x001FA1, 1601, 2},
    {0x001FA2, 1603, 2},
    {0x001FA3, 1605, 2},
    {0x001FA4, 1607, 2},
    {0x001FA5, 1609, 2},
    {0x001FA6, 1611, 2},
    {0x001FA7, 1613, 2},
    {0x001FA8, 1615, 2},
    {0x001FA9, 1617, 2},
    {0x001FAA, 1619, 2},
    {0x001FAB, 1621, 2},
    {0x001FAC, 1623, 2},
    {0x001FAD, 1625, 2},
    {0x001FAE, 1627, 2},
    {0x001FAF, 1629, 2},
    {0x001FB0, 1631, 2},
    {0x001FB1, 1633, 2},
    {0x001FB2, 1635, 2},
    {0x001FB3, 1637, 2},
    {0x001FB4, 1639, 2},
    {0x001FB6, 1641, 2},
    {0x001FB7, 1643, 2},
    {0x001FB8, 1645, 2},
    {0x001FB9, 1647, 2},
    {0x001FBA, 1649, 2},
    {0x001FBB, 1651, 1},
    {0x001FBC, 1652, 2},
    {0x001FBE, 1654, 1},
    {0x001FC1, 1655, 2},
    {0x001FC2, 1657, 2},
    {0x001FC3, 1659, 2},
    {0x001FC4, 1661, 2},
    {0x001FC6, 1663, 2},
    {0x001FC7, 1665, 2},
    {0x001FC8, 1667, 2},
    {0x001FC9, 1669, 1},
    {0x001FCA, 1670, 2},
    {0x001FCB, 1672, 1},
    {0x001FCC, 1673, 2},
    {0x001FCD, 1675, 2},
    {0x001FCE, 1677, 2},
    {0x001FCF, 1679, 2},
    {0x001FD0, 1681, 2},
    {0x001FD1, 1683, 2},
    {0x001FD2, 1685, 2},
    {0x001FD3, 1687, 1},
    {0x001FD6, 1688, 2},
    {0x001FD7, 1690, 2},
    {0x001FD8, 1692, 2},
    {0x001FD9, 1694, 2},
    {0x001FDA, 1696, 2},
    {0x001FDB, 1698, 1},
    {0x001FDD, 1699, 2},
    {0x001FDE, 1701, 2},
    {0x001FDF, 1703, 2},
    {0x001FE0, 1705, 2},
    {0x001FE1, 1707, 2},
    {0x001FE2, 1709, 2},
    {0x001FE3, 1711, 1},
    {0x001FE4, 1712, 2},
    {0x001FE5, 1714, 2},
    {0x001FE6, 1716, 2},
    {0x001FE7, 1718, 2},
    {0x001FE8, 1720, 2},
    {0x001FE9, 1722, 2},
    {0x001FEA, 1724, 2},
    {0x001FEB, 1726, 1},
    {0x001FEC, 1727, 2},
    {0x001FED, 1729, 2},
    {0x001FEE, 1731, 1},
    {0x001FEF, 1732, 1},
    {0x001FF2, 1733, 2},
    {0x001FF3, 1735, 2},
    {0x001FF4, 1737, 2},
    {0x001FF6, 1739, 2},
    {0x001FF7, 1741, 2},
    {0x001FF8, 1743, 2},
    {0x001FF9, 1745, 1},
    {0x001FFA, 1746, 2},
    {0x001FFB, 1748, 1},
    {0x001FFC, 1749, 2},
    {0x001FFD, 1751, 1},
    {0x002000, 1752, 1},
    {0x002001, 1753, 1},
    {0x002126, 1754, 1},
    {0x00212A, 1755, 1},
    {0x00212B, 1756, 1},
    {0x00219A, 1757, 2},
    {0x00219B, 1759, 2},
    {0x0021AE, 1761, 2},
    {0x0021CD, 1763, 2},
    {0x0021CE, 1765, 2},
    {0x0021CF, 1767, 2},
    {0x002204, 1769, 2},
    {0x002209, 1771, 2},
    {0x00220C, 1773, 2},
    {0x002224, 1775, 2},
    {0x002226, 1777, 2},
    {0x002241, 1779, 2},
    {0x002244, 1781, 2},
    {0x002247, 1783, 2},
    {0x002249, 1785, 2},
    {0x002260, 1787, 2},
    {0x002262, 1789, 2},
    {0x00226D, 1791, 2},
    {0x00226E, 1793, 2},
    {0x00226F, 1795, 2},
    {0x002270, 1797, 2},
    {0x002271, 1799, 2},
    {0x002274, 1801, 2},
    {0x002275, 1803, 2},
    {0x002278, 1805, 2},
    {0x002279, 1807, 2},
    {0x002280, 1809, 2},
    {0x002281, 1811, 2},
    {0x002284, 1813, 2},
    {0x002285, 1815, 2},
    {0x002288, 1817, 2},
    {0x002289, 1819, 2},
    {0x0022AC, 1821, 2},
    {0x0022AD, 1823, 2},
    {0x0022AE, 1825, 2},
    {0x0022AF, 1827, 2},
    {0x0022E0, 1829, 2},
    {0x0022E1, 1831, 2},
    {0x0022E2, 1833, 2},
    {0x0022E3, 1835, 2},
    {0x0022EA, 1837, 2},
    {0x0022EB, 1839, 2},
    {0x0022EC, 1841, 2},
    {0x0022ED, 1843, 2},
    {0x002329, 1845, 1},
    {0x00232A, 1846, 1},
    {0x002ADC, 1847, 2},
    {0x00304C, 1849, 2},
    {0x00304E, 1851, 2},
    {0x003050, 1853, 2},
    {0x003052, 1855, 2},
    {0x003054, 1857, 2},
    {0x003056, 1859, 2},
    {0x003058, 1861, 2},
    {0x00305A, 1863, 2},
    {0x00305C, 1865, 2},
    {0x00305E, 1867, 2},
    {0x003060, 1869, 2},
    {0x003062, 1871, 2},
    {0x003065, 1873, 2},
    {0x003067, 1875, 2},
    {0x003069, 1877, 2},
    {0x003070, 1879, 2},
    {0x003071, 1881, 2},
    {0x003073, 1883, 2},
    {0x003074, 1885, 2},
    {0x003076, 1887, 2},
    {0x003077, 1889, 2},
    {0x003079, 1891, 2},
    {0x00307A, 1893, 2},
    {0x00307C, 1895, 2},
    {0x00307D, 1897, 2},
    {0x003094, 1899, 2},
    {0x00309E, 1901, 2},
    {0x0030AC, 1903, 2},
    {0x0030AE, 1905, 2},
    {0x0030B0, 1907, 2},
    {0x0030B2, 1909, 2},
    {0x0030B4, 1911, 2},
    {0x0030B6, 1913, 2},
    {0x0030B8, 1915, 2},
    {0x0030BA, 1917, 2},
    {0x0030BC, 1919, 2},
    {0x0030BE, 1921, 2},
    {0x0030C0, 1923, 2},
    {0x0030C2, 1925, 2},
    {0x0030C5, 1927, 2},
    {0x0030C7, 1929, 2},
    {0x0030C9, 1931, 2},
    {0x0030D0, 1933, 2},
    {0x0030D1, 1935, 2},
    {0x0030D3, 1937, 2},
    {0x0030D4, 1939, 2},
    {0x0030D6, 1941, 2},
    {0x0030D7, 1943, 2},
    {0x0030D9, 1945, 2},
    {0x0030DA, 1947, 2},
    {0x0030DC, 1949, 2},
    {0x0030DD, 1951, 2},
    {0x0030F4, 1953, 2},
    {0x0030F7, 1955, 2},
    {0x0030F8, 1957, 2},
    {0x0030F9, 1959, 2},
    {0x0030FA, 1961, 2},
    {0x0030FE, 1963, 2},
    {0x00F900, 1965, 1},
    {0x00F901, 1966, 1},
    {0x00F902, 1967, 1},
    {0x00F903, 1968, 1},
    {0x00F904, 1969, 1},
    {0x00F905, 1970, 1},
    {0x00F906, 1971, 1},
    {0x00F907, 1972, 1},
    {0x00F908, 1973, 1},
    {0x00F909, 1974, 1},
    {0x00F90A, 1975, 1},
    {0x00F90B, 1976, 1},
    {0x00F90C, 1977, 1},
    {0x00F90D, 1978, 1},
    {0x00F90E, 1979, 1},
    {0x00F90F, 1980, 1},
    {0x00F910, 1981, 1},
    {0x00F911, 1982, 1},
    {0x00F912, 1983, 1},
    {0x00F913, 1984, 1},
    {0x00F914, 1985, 1},
    {0x00F915, 1986, 1},
    {0x00F916, 1987, 1},
    {0x00F917, 1988, 1},
    {0x00F918, 1989, 1},
    {0x00F919, 1990, 1},
    {0x00F91A, 1991, 1},
    {0x00F91B, 1992, 1},
    {0x00F91C, 1993, 1},
    {0x00F91D, 1994, 1},
    {0x00F91E, 1995, 1},
    {0x00F91F, 1996, 1},
    {0x00F920, 1997, 1},
    {0x00F921, 1998, 1},
    {0x00F922, 1999, 1},
    {0x00F923, 2000, 1},
    {0x00F924, 2001, 1},
    {0x00F925, 2002, 1},
    {0x00F926, 2003, 1},
    {0x00F927, 2004, 1},
    {0x00F928, 2005, 1},
    {0x00F929, 2006, 1},
    {0x00F92A, 2007, 1},
    {0x00F92B, 2008, 1},
    {0x00F92C, 2009, 1},
    {0x00F92D, 2010, 1},
    {0x00F92E, 2011, 1},
    {0x00F92F, 2012, 1},
    {0x00F930, 2013, 1},
    {0x00F931, 2014, 1},
    {0x00F932, 2015, 1},
    {0x00F933, 2016, 1},
    {0x00F934, 2017, 1},
    {0x00F935, 2018, 1},
    {0x00F936, 2019, 1},
    {0x00F937, 2020, 1},
    {0x00F938, 2021, 1},
    {0x00F939, 2022, 1},
    {0x00F93A, 2023, 1},
    {0x00F93B, 2024, 1},
    {0x00F93C, 2025, 1},
    {0x00F93D, 2026, 1},
    {0x00F93E, 2027, 1},
    {0x00F93F, 2028, 1},
    {0x00F940, 2029, 1},
    {0x00F941, 2030, 1},
    {0x00F942, 2031, 1},
    {0x00F943, 2032, 1},
    {0x00F944, 2033, 1},
    {0x00F945, 2034, 1},
    {0x00F946, 2035, 1},
    {0x00F947, 2036, 1},
    {0x00F948, 2037, 1},
    {0x00F949, 2038, 1},
    {0x00F94A, 2039, 1},
    {0x00F94B, 2040, 1},
    {0x00F94C, 2041, 1},
    {0x00F94D, 2042, 1},
    {0x00F94E, 2043, 1},
    {0x00F94F, 2044, 1},
    {0x00F950, 2045, 1},
    {0x00F951, 2046, 1},
    {0x00F952, 2047, 1},
    {0x00F953, 2048, 1},
    {0x00F954, 2049, 1},
    {0x00F955, 2050, 1},
    {0x00F956, 2051, 1},
    {0x00F957, 2052, 1},
    {0x00F958, 2053, 1},
    {0x00F959, 2054, 1},
    {0x00F95A, 2055, 1},
    {0x00F95B, 2056, 1},
    {0x00F95C, 2057, 1},
    {0x00F95D, 2058, 1},
    {0x00F95E, 2059, 1},
    {0x00F95F, 2060, 1},
    {0x00F960, 2061, 1},
    {0x00F961, 2062, 1},
    {0x00F962, 2063, 1},
    {0x00F963, 2064, 1},
    {0x00F964, 2065, 1},
    {0x00F965, 2066, 1},
    {0x00F966, 2067, 1},
    {0x00F967, 2068, 1},
    {0x00F968, 2069, 1},
    {0x00F969, 2070, 1},
    {0x00F96A, 2071, 1},
    {0x00F96B, 2072, 1},
    {0x00F96C, 2073, 1},
    {0x00F96D, 2074, 1},
    {0x00F96E, 2075, 1},
    {0x00F96F, 2076, 1},
    {0x00F970, 2077, 1},
    {0x00F971, 2078, 1},
    {0x00F972, 2079, 1},
    {0x00F973, 2080, 1},
    {0x00F974, 2081, 1},
    {0x00F975, 2082, 1},
    {0x00F976, 2083, 1},
    {0x00F977, 2084, 1},
    {0x00F978, 2085, 1},
    {0x00F979, 2086, 1},
    {0x00F97A, 2087, 1},
    {0x00F97B, 2088, 1},
    {0x00F97C, 2089, 1},
    {0x00F97D, 2090, 1},
    {0x00F97E, 2091, 1},
    {0x00F97F, 2092, 1},
    {0x00F980, 2093, 1},
    {0x00F981, 2094, 1},
    {0x00F982, 2095, 1},
    {0x00F983, 2096, 1},
    {0x00F984, 2097, 1},
    {0x00F985, 2098, 1},
    {0x00F986, 2099, 1},
    {0x00F987, 2100, 1},
    {0x00F988, 2101, 1},
    {0x00F989, 2102, 1},
    {0x00F98A, 2103, 1},
    {0x00F98B, 2104, 1},
    {0x00F98C, 2105, 1},
    {0x00F98D, 2106, 1},
    {0x00F98E, 2107, 1},
    {0x00F98F, 2108, 1},
    {0x00F990, 2109, 1},
    {0x00F991, 2110, 1},
    {0x00F992, 2111, 1},
    {0x00F993, 2112, 1},
    {0x00F994, 2113, 1},
    {0x00F995, 2114, 1},
    {0x00F996, 2115, 1},
    {0x00F997, 2116, 1},
    {0x00F998, 2117, 1},
    {0x00F999, 2118, 1},
    {0x00F99A, 2119, 1},
    {0x00F99B, 2120, 1},
    {0x00F99C, 2121, 1},
    {0x00F99D, 2122, 1},
    {0x00F99E, 2123, 1},
    {0x00F99F, 2124, 1},
    {0x00F9A0, 2125, 1},
    {0x00F9A1, 2126, 1},
    {0x00F9A2, 2127, 1},
    {0x00F9A3, 2128, 1},
    {0x00F9A4, 2129, 1},
    {0x00F9A5, 2130, 1},
    {0x00F9A6, 2131, 1},
    {0x00F9A7, 2132, 1},
    {0x00F9A8, 2133, 1},
    {0x00F9A9, 2134, 1},
    {0x00F9AA, 2135, 1},
    {0x00F9AB, 2136, 1},
    {0x00F9AC, 2137, 1},
    {0x00F9AD, 2138, 1},
    {0x00F9AE, 2139, 1},
    {0x00F9AF, 2140, 1},
    {0x00F9B0, 2141, 1},
    {0x00F9B1, 2142, 1},
    {0x00F9B2, 2143, 1},
    {0x00F9B3, 2144, 1},
    {0x00F9B4, 2145, 1},
    {0x00F9B5, 2146, 1},
    {0x00F9B6, 2147, 1},
    {0x00F9B7, 2148, 1},
    {0x00F9B8, 2149, 1},
    {0x00F9B9, 2150, 1},
    {0x00F9BA, 2151, 1},
    {0x00F9BB, 2152, 1},
    {0x00F9BC, 2153, 1},
    {0x00F9BD, 2154, 1},
    {0x00F9BE, 2155, 1},
    {0x00F9BF, 2156, 1},
    {0x00F9C0, 2157, 1},
    {0x00F9C1, 2158, 1},
    {0x00F9C2, 2159, 1},
    {0x00F9C3, 2160, 1},
    {0x00F9C4, 2161, 1},
    {0x00F9C5, 2162, 1},
    {0x00F9C6, 2163, 1},
    {0x00F9C7, 2164, 1},
    {0x00F9C8, 2165, 1},
    {0x00F9C9, 2166, 1},
    {0x00F9CA, 2167, 1},
    {0x00F9CB, 2168, 1},
    {0x00F9CC, 2169, 1},
    {0x00F9CD, 2170, 1},
    {0x00F9CE, 2171, 1},
    {0x00F9CF, 2172, 1},
    {0x00F9D0, 2173, 1},
    {0x00F9D1, 2174, 1},
    {0x00F9D2, 2175, 1},
    {0x00F9D3, 2176, 1},
    {0x00F9D4, 2177, 1},
    {0x00F9D5, 2178, 1},
    {0x00F9D6, 2179, 1},
    {0x00F9D7, 2180, 1},
    {0x00F9D8, 2181, 1},
    {0x00F9D9, 2182, 1},
    {0x00F9DA, 2183, 1},
    {0x00F9DB, 2184, 1},
    {0x00F9DC, 2185, 1},
    {0x00F9DD, 2186, 1},
    {0x00F9DE, 2187, 1},
    {0x00F9DF, 2188, 1},
    {0x00F9E0, 2189, 1},
    {0x00F9E1, 2190, 1},
    {0x00F9E2, 2191, 1},
    {0x00F9E3, 2192, 1},
    {0x00F9E4, 2193, 1},
    {0x00F9E5, 2194, 1},
    {0x00F9E6, 2195, 1},
    {0x00F9E7, 2196, 1},
    {0x00F9E8, 2197, 1},
    {0x00F9E9, 2198, 1},
    {0x00F9EA, 2199, 1},
    {0x00F9EB, 2200, 1},
    {0x00F9EC, 2201, 1},
    {0x00F9ED, 2202, 1},
    {0x00F9EE, 2203, 1},
    {0x00F9EF, 2204, 1},
    {0x00F9F0, 2205, 1},
    {0x00F9F1, 2206, 1},
    {0x00F9F2, 2207, 1},
    {0x00F9F3, 2208, 1},
    {0x00F9F4, 2209, 1},
    {0x00F9F5, 2210, 1},
    {0x00F9F6, 2211, 1},
    {0x00F9F7, 2212, 1},
    {0x00F9F8, 2213, 1},
    {0x00F9F9, 2214, 1},
    {0x00F9FA, 2215, 1},
    {0x00F9FB, 2216, 1},
    {0x00F9FC, 2217, 1},
    {0x00F9FD, 2218, 1},
    {0x00F9FE, 2219, 1},
    {0x00F9FF, 2220, 1},
    {0x00FA00, 2221, 1},
    {0x00FA01, 2222, 1},
    {0x00FA02, 2223, 1},
    {0x00FA03, 2224, 1},
    {0x00FA04, 2225, 1},
    {0x00FA05, 2226, 1},
    {0x00FA06, 2227, 1},
    {0x00FA07, 2228, 1},
    {0x00FA08, 2229, 1},
    {0x00FA09, 2230, 1},
    {0x00FA0A, 2231, 1},
    {0x00FA0B, 2232, 1},
    {0x00FA0C, 2233, 1},
    {0x00FA0D, 2234, 1},
    {0x00FA10, 2235, 1},
    {0x00FA12, 2236, 1},
    {0x00FA15, 2237, 1},
    {0x00FA16, 2238, 1},
    {0x00FA17, 2239, 1},
    {0x00FA18, 2240, 1},
    {0x00FA19, 2241, 1},
    {0x00FA1A, 2242, 1},
    {0x00FA1B, 2243, 1},
    {0x00FA1C, 2244, 1},
    {0x00FA1D, 2245, 1},
    {0x00FA1E, 2246, 1},
    {0x00FA20, 2247, 1},
    {0x00FA22, 2248, 1},
    {0x00FA25, 2249, 1},
    {0x00FA26, 2250, 1},
    {0x00FA2A, 2251, 1},
    {0x00FA2B, 2252, 1},
    {0x00FA2C, 2253, 1},
    {0x00FA2D, 2254, 1},
    {0x00FA2E, 2255, 1},
    {0x00FA2F, 2256, 1},
    {0x00FA30, 2257, 1},
    {0x00FA31, 2258, 1},
    {0x00FA32, 2259, 1},
    {0x00FA33, 2260, 1},
    {0x00FA34, 2261, 1},
    {0x00FA35, 2262, 1},
    {0x00FA36, 2263, 1},
    {0x00FA37, 2264, 1},
    {0x00FA38, 2265, 1},
    {0x00FA39, 2266, 1},
    {0x00FA3A, 2267, 1},
    {0x00FA3B, 2268, 1},
    {0x00FA3C, 2269, 1},
    {0x00FA3D, 2270, 1},
    {0x00FA3E, 2271, 1},
    {0x00FA3F, 2272, 1},
    {0x00FA40, 2273, 1},
    {0x00FA41, 2274, 1},
    {0x00FA42, 2275, 1},
    {0x00FA43, 2276, 1},
    {0x00FA44, 2277, 1},
    {0x00FA45, 2278, 1},
    {0x00FA46, 2279, 1},
    {0x00FA47, 2280, 1},
    {0x00FA48, 2281, 1},
    {0x00FA49, 2282, 1},
    {0x00FA4A, 2283, 1},
    {0x00FA4B, 2284, 1},
    {0x00FA4C, 2285, 1},
    {0x00FA4D, 2286, 1},
    {0x00FA4E, 2287, 1},
    {0x00FA4F, 2288, 1},
    {0x00FA50, 2289, 1},
    {0x00FA51, 2290, 1},
    {0x00FA52, 2291, 1},
    {0x00FA53, 2292, 1},
    {0x00FA54, 2293, 1},
    {0x00FA55, 2294, 1},
    {0x00FA56, 2295, 1},
    {0x00FA57, 2296, 1},
    {0x00FA58, 2297, 1},
    {0x00FA59, 2298, 1},
    {0x00FA5A, 2299, 1},
    {0x00FA5B, 2300, 1},
    {0x00FA5C, 2301, 1},
    {0x00FA5D, 2302, 1},
    {0x00FA5E, 2303, 1},
    {0x00FA5F, 2304, 1},
    {0x00FA60, 2305, 1},
    {0x00FA61, 2306, 1},
    {0x00FA62, 2307, 1},
    {0x00FA63, 2308, 1},
    {0x00FA64, 2309, 1},
    {0x00FA65, 2310, 1},
    {0x00FA66, 2311, 1},
    {0x00FA67, 2312, 1},
    {0x00FA68, 2313, 1},
    {0x00FA69, 2314, 1},
    {0x00FA6A, 2315, 1},
    {0x00FA6B, 2316, 1},
    {0x00FA6C, 2317, 1},
    {0x00FA6D, 2318, 1},
    {0x00FA70, 2319, 1},
    {0x00FA71, 2320, 1},
    {0x00FA72, 2321, 1},
    {0x00FA73, 2322, 1},
    {0x00FA74, 2323, 1},
    {0x00FA75, 2324, 1},
    {0x00FA76, 2325, 1},
    {0x00FA77, 2326, 1},
    {0x00FA78, 2327, 1},
    {0x00FA79, 2328, 1},
    {0x00FA7A, 2329, 1},
    {0x00FA7B, 2330, 1},
    {0x00FA7C, 2331, 1},
    {0x00FA7D, 2332, 1},
    {0x00FA7E, 2333, 1},
    {0x00FA7F, 2334, 1},
    {0x00FA80, 2335, 1},
    {0x00FA81, 2336, 1},
    {0x00FA82, 2337, 1},
    {0x00FA83, 2338, 1},
    {0x00FA84, 2339, 1},
    {0x00FA85, 2340, 1},
    {0x00FA86, 2341, 1},
    {0x00FA87, 2342, 1},
    {0x00FA88, 2343, 1},
    {0x00FA89, 2344, 1},
    {0x00FA8A, 2345, 1},
    {0x00FA8B, 2346, 1},
    {0x00FA8C, 2347, 1},
    {0x00FA8D, 2348, 1},
    {0x00FA8E, 2349, 1},
    {0x00FA8F, 2350, 1},
    {0x00FA90, 2351, 1},
    {0x00FA91, 2352, 1},
    {0x00FA92, 2353, 1},
    {0x00FA93, 2354, 1},
    {0x00FA94, 2355, 1},
    {0x00FA95, 2356, 1},
    {0x00FA96, 2357, 1},
    {0x00FA97, 2358, 1},
    {0x00FA98, 2359, 1},
    {0x00FA99, 2360, 1},
    {0x00FA9A, 2361, 1},
    {0x00FA9B, 2362, 1},
    {0x00FA9C, 2363, 1},
    {0x00FA9D, 2364, 1},
    {0x00FA9E, 2365, 1},
    {0x00FA9F, 2366, 1},
    {0x00FAA0, 2367, 1},
    {0x00FAA1, 2368, 1},
    {0x00FAA2, 2369, 1},
    {0x00FAA3, 2370, 1},
    {0x00FAA4, 2371, 1},
    {0x00FAA5, 2372, 1},
    {0x00FAA6, 2373, 1},
    {0x00FAA7, 2374, 1},
    {0x00FAA8, 2375, 1},
    {0x00FAA9, 2376, 1},
    {0x00FAAA, 2377, 1},
    {0x00FAAB, 2378, 1},
    {0x00FAAC, 2379, 1},
    {0x00FAAD, 2380, 1},
    {0x00FAAE, 2381, 1},
    {0x00FAAF, 2382, 1},
    {0x00FAB0, 2383, 1},
    {0x00FAB1, 2384, 1},
    {0x00FAB2, 2385, 1},
    {0x00FAB3, 2386, 1},
    {0x00FAB4, 2387, 1},
    {0x00FAB5, 2388, 1},
    {0x00FAB6, 2389, 1},
    {0x00FAB7, 2390, 1},
    {0x00FAB8, 2391, 1},
    {0x00FAB9, 2392, 1},
    {0x00FABA, 2393, 1},
    {0x00FABB, 2394, 1},
    {0x00FABC, 2395, 1},
    {0x00FABD, 2396, 1},
    {0x00FABE, 2397, 1},
    {0x00FABF, 2398, 1},
    {0x00FAC0, 2399, 1},
    {0x00FAC1, 2400, 1},
    {0x00FAC2, 2401, 1},
    {0x00FAC3, 2402, 1},
    {0x00FAC4, 2403, 1},
    {0x00FAC5, 2404, 1},
    {0x00FAC6, 2405, 1},
    {0x00FAC7, 2406, 1},
    {0x00FAC8, 2407, 1},
    {0x00FAC9, 2408, 1},
    {0x00FACA, 2409, 1},
    {0x00FACB, 2410, 1},
    {0x00FACC, 2411, 1},
    {0x00FACD, 2412, 1},
    {0x00FACE, 2413, 1},
    {0x00FACF, 2414, 1},
    {0x00FAD0, 2415, 1},
    {0x00FAD1, 2416, 1},
    {0x00FAD2, 2417, 1},
    {0x00FAD3, 2418, 1},
    {0x00FAD4, 2419, 1},
    {0x00FAD5, 2420, 1},
    {0x00FAD6, 2421, 1},
    {0x00FAD7, 2422, 1},
    {0x00FAD8, 2423, 1},
    {0x00FAD9, 2424, 1},
    {0x00FB1D, 2425, 2},
    {0x00FB1F, 2427, 2},
    {0x00FB2A, 2429, 2},
    {0x00FB2B, 2431, 2},
    {0x00FB2C, 2433, 2},
    {0x00FB2D, 2435, 2},
    {0x00FB2E, 2437, 2},
    {0x00FB2F, 2439, 2},
    {0x00FB30, 2441, 2},
    {0x00FB31, 2443, 2},
    {0x00FB32, 2445, 2},
    {0x00FB33, 2447, 2},
    {0x00FB34, 2449, 2},
    {0x00FB35, 2451, 2},
    {0x00FB36, 2453, 2},
    {0x00FB38, 2455, 2},
    {0x00FB39, 2457, 2},
    {0x00FB3A, 2459, 2},
    {0x00FB3B, 2461, 2},
    {0x00FB3C, 2463, 2},
    {0x00FB3E, 2465, 2},
    {0x00FB40, 2467, 2},
    {0x00FB41, 2469, 2},
    {0x00FB43, 2471, 2},
    {0x00FB44, 2473, 2},
    {0x00FB46, 2475, 2},
    {0x00FB47, 2477, 2},
    {0x00FB48, 2479, 2},
    {0x00FB49, 2481, 2},
    {0x00FB4A, 2483, 2},
    {0x00FB4B, 2485, 2},
    {0x00FB4C, 2487, 2},
    {0x00FB4D, 2489, 2},
    {0x00FB4E, 2491, 2},
    {0x01109A, 2493, 2},
    {0x01109C, 2495, 2},
    {0x0110AB, 2497, 2},
    {0x01112E, 2499, 2},
    {0x01112F, 2501, 2},
    {0x01134B, 2503, 2},
    {0x01134C, 2505, 2},
    {0x0114BB, 2507, 2},
    {0x0114BC, 2509, 2},
    {0x0114BE, 2511, 2},
    {0x0115BA, 2513, 2},
    {0x0115BB, 2515, 2},
    {0x011938, 2517, 2},
    {0x01D15E, 2519, 2},
    {0x01D15F, 2521, 2},
    {0x01D160, 2523, 2},
    {0x01D161, 2525, 2},
    {0x01D162, 2527, 2},
    {0x01D163, 2529, 2},
    {0x01D164, 2531, 2},
    {0x01D1BB, 2533, 2},
    {0x01D1BC, 2535, 2},
    {0x01D1BD, 2537, 2},
    {0x01D1BE, 2539, 2},
    {0x01D1BF, 2541, 2},
    {0x01D1C0, 2543, 2},
    {0x02F800, 2545, 1},
    {0x02F801, 2546, 1},
    {0x02F802, 2547, 1},
    {0x02F803, 2548, 1},
    {0x02F804, 2549, 1},
    {0x02F805, 2550, 1},
    {0x02F806, 2551, 1},
    {0x02F807, 2552, 1},
    {0x02F808, 2553, 1},
    {0x02F809, 2554, 1},
    {0x02F80A, 2555, 1},
    {0x02F80B, 2556, 1},
    {0x02F80C, 2557, 1},
    {0x02F80D, 2558, 1},
    {0x02F80E, 2559, 1},
    {0x02F80F, 2560, 1},
    {0x02F810, 2561, 1},
    {0x02F811, 2562, 1},
    {0x02F812, 2563, 1},
    {0x02F813, 2564, 1},
    {0x02F814, 2565, 1},
    {0x02F815, 2566, 1},
    {0x02F816, 2567, 1},
    {0x02F817, 2568, 1},
    {0x02F818, 2569, 1},
    {0x02F819, 2570, 1},
    {0x02F81A, 2571, 1},
    {0x02F81B, 2572, 1},
    {0x02F81C, 2573, 1},
    {0x02F81D, 2574, 1},
    {0x02F81E, 2575, 1},
    {0x02F81F, 2576, 1},
    {0x02F820, 2577, 1},
    {0x02F821, 2578, 1},
    {0x02F822, 2579, 1},
    {0x02F823, 2580, 1},
    {0x02F824, 2581, 1},
    {0x02F825, 2582, 1},
    {0x02F826, 2583, 1},
    {0x02F827, 2584, 1},
    {0x02F828, 2585, 1},
    {0x02F829, 2586, 1},
    {0x02F82A, 2587, 1},
    {0x02F82B, 2588, 1},
    {0x02F82C, 2589, 1},
    {0x02F82D, 2590, 1},
    {0x02F82E, 2591, 1},
    {0x02F82F, 2592, 1},
    {0x02F830, 2593, 1},
    {0x02F831, 2594, 1},
    {0x02F832, 2595, 1},
    {0x02F833, 2596, 1},
    {0x02F834, 2597, 1},
    {0x02F835, 2598, 1},
    {0x02F836, 2599, 1},
    {0x02F837, 2600, 1},
    {0x02F838, 2601, 1},
    {0x02F839, 2602, 1},
    {0x02F83A, 2603, 1},
    {0x02F83B, 2604, 1},
    {0x02F83C, 2605, 1},
    {0x02F83D, 2606, 1},
    {0x02F83E, 2607, 1},
    {0x02F83F, 2608, 1},
    {0x02F840, 2609, 1},
    {0x02F841, 2610, 1},
    {0x02F842, 2611, 1},
    {0x02F843, 2612, 1},
    {0x02F844, 2613, 1},
    {0x02F845, 2614, 1},
    {0x02F846, 2615, 1},
    {0x02F847, 2616, 1},
    {0x02F848, 2617, 1},
    {0x02F849, 2618, 1},
    {0x02F84A, 2619, 1},
    {0x02F84B, 2620, 1},
    {0x02F84C, 2621, 1},
    {0x02F84D, 2622, 1},
    {0x02F84E, 2623, 1},
    {0x02F84F, 2624, 1},
    {0x02F850, 2625, 1},
    {0x02F851, 2626, 1},
    {0x02F852, 2627, 1},
    {0x02F853, 2628, 1},
    {0x02F854, 2629, 1},
    {0x02F855, 2630, 1},
    {0x02F856, 2631, 1},
    {0x02F857, 2632, 1},
    {0x02F858, 2633, 1},
    {0x02F859, 2634, 1},
    {0x02F85A, 2635, 1},
    {0x02F85B, 2636, 1},
    {0x02F85C, 2637, 1},
    {0x02F85D, 2638, 1},
    {0x02F85E, 2639, 1},
    {0x02F85F, 2640, 1},
    {0x02F860, 2641, 1},
    {0x02F861, 2642, 1},
    {0x02F862, 2643, 1},
    {0x02F863, 2644, 1},
    {0x02F864, 2645, 1},
    {0x02F865, 2646, 1},
    {0x02F866, 2647, 1},
    {0x02F867, 2648, 1},
    {0x02F868, 2649, 1},
    {0x02F869, 2650, 1},
    {0x02F86A, 2651, 1},
    {0x02F86B, 2652, 1},
    {0x02F86C, 2653, 1},
    {0x02F86D, 2654, 1},
    {0x02F86E, 2655, 1},
    {0x02F86F, 2656, 1},
    {0x02F870, 2657, 1},
    {0x02F871, 2658, 1},
    {0x02F872, 2659, 1},
    {0x02F873, 2660, 1},
    {0x02F874, 2661, 1},
    {0x02F875, 2662, 1},
    {0x02F876, 2663, 1},
    {0x02F877, 2664, 1},
    {0x02F878, 2665, 1},
    {0x02F879, 2666, 1},
    {0x02F87A, 2667, 1},
    {0x02F87B, 2668, 1},
    {0x02F87C, 2669, 1},
    {0x02F87D, 2670, 1},
    {0x02F87E, 2671, 1},
    {0x02F87F, 2672, 1},
    {0x02F880, 2673, 1},
    {0x02F881, 2674, 1},
    {0x02F882, 2675, 1},
    {0x02F883, 2676, 1},
    {0x02F884, 2677, 1},
    {0x02F885, 2678, 1},
    {0x02F886, 2679, 1},
    {0x02F887, 2680, 1},
    {0x02F888, 2681, 1},
    {0x02F889, 2682, 1},
    {0x02F88A, 2683, 1},
    {0x02F88B, 2684, 1},
    {0x02F88C, 2685, 1},
    {0x02F88D, 2686, 1},
    {0x02F88E, 2687, 1},
    {0x02F88F, 2688, 1},
    {0x02F890, 2689, 1},
    {0x02F891, 2690, 1},
    {0x02F892, 2691, 1},
    {0x02F893, 2692, 1},
    {0x02F894, 2693, 1},
    {0x02F895, 2694, 1},
    {0x02F896, 2695, 1},
    {0x02F897, 2696, 1},
    {0x02F898, 2697, 1},
    {0x02F899, 2698, 1},
    {0x02F89A, 2699, 1},
    {0x02F89B, 2700, 1},
    {0x02F89C, 2701, 1},
    {0x02F89D, 2702, 1},
    {0x02F89E, 2703, 1},
    {0x02F89F, 2704, 1},
    {0x02F8A0, 2705, 1},
    {0x02F8A1, 2706, 1},
    {0x02F8A2, 2707, 1},
    {0x02F8A3, 2708, 1},
    {0x02F8A4, 2709, 1},
    {0x02F8A5, 2710, 1},
    {0x02F8A6, 2711, 1},
    {0x02F8A7, 2712, 1},
    {0x02F8A8, 2713, 1},
    {0x02F8A9, 2714, 1},
    {0x02F8AA, 2715, 1},
    {0x02F8AB, 2716, 1},
    {0x02F8AC, 2717, 1},
    {0x02F8AD, 2718, 1},
    {0x02F8AE, 2719, 1},
    {0x02F8AF, 2720, 1},
    {0x02F8B0, 2721, 1},
    {0x02F8B1, 2722, 1},
    {0x02F8B2, 2723, 1},
    {0x02F8B3, 2724, 1},
    {0x02F8B4, 2725, 1},
    {0x02F8B5, 2726, 1},
    {0x02F8B6, 2727, 1},
    {0x02F8B7, 2728, 1},
    {0x02F8B8, 2729, 1},
    {0x02F8B9, 2730, 1},
    {0x02F8BA, 2731, 1},
    {0x02F8BB, 2732, 1},
    {0x02F8BC, 2733, 1},
    {0x02F8BD, 2734, 1},
    {0x02F8BE, 2735, 1},
    {0x02F8BF, 2736, 1},
    {0x02F8C0, 2737, 1},
    {0x02F8C1, 2738, 1},
    {0x02F8C2, 2739, 1},
    {0x02F8C3, 2740, 1},
    {0x02F8C4, 2741, 1},
    {0x02F8C5, 2742, 1},
    {0x02F8C6, 2743, 1},
    {0x02F8C7, 2744, 1},
    {0x02F8C8, 2745, 1},
    {0x02F8C9, 2746, 1},
    {0x02F8CA, 2747, 1},
    {0x02F8CB, 2748, 1},
    {0x02F8CC, 2749, 1},
    {0x02F8CD, 2750, 1},
    {0x02F8CE, 2751, 1},
    {0x02F8CF, 2752, 1},
    {0x02F8D0, 2753, 1},
    {0x02F8D1, 2754, 1},
    {0x02F8D2, 2755, 1},
    {0x02F8D3, 2756, 1},
    {0x02F8D4, 2757, 1},
    {0x02F8D5, 2758, 1},
    {0x02F8D6, 2759, 1},
    {0x02F8D7, 2760, 1},
    {0x02F8D8, 2761, 1},
    {0x02F8D9, 2762, 1},
    {0x02F8DA, 2763, 1},
    {0x02F8DB, 2764, 1},
    {0x02F8DC, 2765, 1},
    {0x02F8DD, 2766, 1},
    {0x02F8DE, 2767, 1},
    {0x02F8DF, 2768, 1},
    {0x02F8E0, 2769, 1},
    {0x02F8E1, 2770, 1},
    {0x02F8E2, 2771, 1},
    {0x02F8E3, 2772, 1},
    {0x02F8E4, 2773, 1},
    {0x02F8E5, 2774, 1},
    {0x02F8E6, 2775, 1},
    {0x02F8E7, 2776, 1},
    {0x02F8E8, 2777, 1},
    {0x02F8E9, 2778, 1},
    {0x02F8EA, 2779, 1},
    {0x02F8EB, 2780, 1},
    {0x02F8EC, 2781, 1},
    {0x02F8ED, 2782, 1},
    {0x02F8EE, 2783, 1},
    {0x02F8EF, 2784, 1},
    {0x02F8F0, 2785, 1},
    {0x02F8F1, 2786, 1},
    {0x02F8F2, 2787, 1},
    {0x02F8F3, 2788, 1},
    {0x02F8F4, 2789, 1},
    {0x02F8F5, 2790, 1},
    {0x02F8F6, 2791, 1},
    {0x02F8F7, 2792, 1},
    {0x02F8F8, 2793, 1},
    {0x02F8F9, 2794, 1},
    {0x02F8FA, 2795, 1},
    {0x02F8FB, 2796, 1},
    {0x02F8FC, 2797, 1},
    {0x02F8FD, 2798, 1},
    {0x02F8FE, 2799, 1},
    {0x02F8FF, 2800, 1},
    {0x02F900, 2801, 1},
    {0x02F901, 2802, 1},
    {0x02F902, 2803, 1},
    {0x02F903, 2804, 1},
    {0x02F904, 2805, 1},
    {0x02F905, 2806, 1},
    {0x02F906, 2807, 1},
    {0x02F907, 2808, 1},
    {0x02F908, 2809, 1},
    {0x02F909, 2810, 1},
    {0x02F90A, 2811, 1},
    {0x02F90B, 2812, 1},
    {0x02F90C, 2813, 1},
    {0x02F90D, 2814, 1},
    {0x02F90E, 2815, 1},
    {0x02F90F, 2816, 1},
    {0x02F910, 2817, 1},
    {0x02F911, 2818, 1},
    {0x02F912, 2819, 1},
    {0x02F913, 2820, 1},
    {0x02F914, 2821, 1},
    {0x02F915, 2822, 1},
    {0x02F916, 2823, 1},
    {0x02F917, 2824, 1},
    {0x02F918, 2825, 1},
    {0x02F919, 2826, 1},
    {0x02F91A, 2827, 1},
    {0x02F91B, 2828, 1},
    {0x02F91C, 2829, 1},
    {0x02F91D, 2830, 1},
    {0x02F91E, 2831, 1},
    {0x02F91F, 2832, 1},
    {0x02F920, 2833, 1},
    {0x02F921, 2834, 1},
    {0x02F922, 2835, 1},
    {0x02F923, 2836, 1},
    {0x02F924, 2837, 1},
    {0x02F925, 2838, 1},
    {0x02F926, 2839, 1},
    {0x02F927, 2840, 1},
    {0x02F928, 2841, 1},
    {0x02F929, 2842, 1},
    {0x02F92A, 2843, 1},
    {0x02F92B, 2844, 1},
    {0x02F92C, 2845, 1},
    {0x02F92D, 2846, 1},
    {0x02F92E, 2847, 1},
    {0x02F92F, 2848, 1},
    {0x02F930, 2849, 1},
    {0x02F931, 2850, 1},
    {0x02F932, 2851, 1},
    {0x02F933, 2852, 1},
    {0x02F934, 2853, 1},
    {0x02F935, 2854, 1},
    {0x02F936, 2855, 1},
    {0x02F937, 2856, 1},
    {0x02F938, 2857, 1},
    {0x02F939, 2858, 1},
    {0x02F93A, 2859, 1},
    {0x02F93B, 2860, 1},
    {0x02F93C, 2861, 1},
    {0x02F93D, 2862, 1},
    {0x02F93E, 2863, 1},
    {0x02F93F, 2864, 1},
    {0x02F940, 2865, 1},
    {0x02F941, 2866, 1},
    {0x02F942, 2867, 1},
    {0x02F943, 2868, 1},
    {0x02F944, 2869, 1},
    {0x02F945, 2870, 1},
    {0x02F946, 2871, 1},
    {0x02F947, 2872, 1},
    {0x02F948, 2873, 1},
    {0x02F949, 2874, 1},
    {0x02F94A, 2875, 1},
    {0x02F94B, 2876, 1},
    {0x02F94C, 2877, 1},
    {0x02F94D, 2878, 1},
    {0x02F94E, 2879, 1},
    {0x02F94F, 2880, 1},
    {0x02F950, 2881, 1},
    {0x02F951, 2882, 1},
    {0x02F952, 2883, 1},
    {0x02F953, 2884, 1},
    {0x02F954, 2885, 1},
    {0x02F955, 2886, 1},
    {0x02F956, 2887, 1},
    {0x02F957, 2888, 1},
    {0x02F958, 2889, 1},
    {0x02F959, 2890, 1},
    {0x02F95A, 2891, 1},
    {0x02F95B, 2892, 1},
    {0x02F95C, 2893, 1},
    {0x02F95D, 2894, 1},
    {0x02F95E, 2895, 1},
    {0x02F95F, 2896, 1},
    {0x02F960, 2897, 1},
    {0x02F961, 2898, 1},
    {0x02F962, 2899, 1},
    {0x02F963, 2900, 1},
    {0x02F964, 2901, 1},
    {0x02F965, 2902, 1},
    {0x02F966, 2903, 1},
    {0x02F967, 2904, 1},
    {0x02F968, 2905, 1},
    {0x02F969, 2906, 1},
    {0x02F96A, 2907, 1},
    {0x02F96B, 2908, 1},
    {0x02F96C, 2909, 1},
    {0x02F96D, 2910, 1},
    {0x02F96E, 2911, 1},
    {0x02F96F, 2912, 1},
    {0x02F970, 2913, 1},
    {0x02F971, 2914, 1},
    {0x02F972, 2915, 1},
    {0x02F973, 2916, 1},
    {0x02F974, 2917, 1},
    {0x02F975, 2918, 1},
    {0x02F976, 2919, 1},
    {0x02F977, 2920, 1},
    {0x02F978, 2921, 1},
    {0x02F979, 2922, 1},
    {0x02F97A, 2923, 1},
    {0x02F97B, 2924, 1},
    {0x02F97C, 2925, 1},
    {0x02F97D, 2926, 1},
    {0x02F97E, 2927, 1},
    {0x02F97F, 2928, 1},
    {0x02F980, 2929, 1},
    {0x02F981, 2930, 1},
    {0x02F982, 2931, 1},
    {0x02F983, 2932, 1},
    {0x02F984, 2933, 1},
    {0x02F985, 2934, 1},
    {0x02F986, 2935, 1},
    {0x02F987, 2936, 1},
    {0x02F988, 2937, 1},
    {0x02F989, 2938, 1},
    {0x02F98A, 2939, 1},
    {0x02F98B, 2940, 1},
    {0x02F98C, 2941, 1},
    {0x02F98D, 2942, 1},
    {0x02F98E, 2943, 1},
    {0x02F98F, 2944, 1},
    {0x02F990, 2945, 1},
    {0x02F991, 2946, 1},
    {0x02F992, 2947, 1},
    {0x02F993, 2948, 1},
    {0x02F994, 2949, 1},
    {0x02F995, 2950, 1},
    {0x02F996, 2951, 1},
    {0x02F997, 2952, 1},
    {0x02F998, 2953, 1},
    {0x02F999, 2954, 1},
    {0x02F99A, 2955, 1},
    {0x02F99B, 2956, 1},
    {0x02F99C, 2957, 1},
    {0x02F99D, 2958, 1},
    {0x02F99E, 2959, 1},
    {0x02F99F, 2960, 1},
    {0x02F9A0, 2961, 1},
    {0x02F9A1, 2962, 1},
    {0x02F9A2, 2963, 1},
    {0x02F9A3, 2964, 1},
    {0x02F9A4, 2965, 1},
    {0x02F9A5, 2966, 1},
    {0x02F9A6, 2967, 1},
    {0x02F9A7, 2968, 1},
    {0x02F9A8, 2969, 1},
    {0x02F9A9, 2970, 1},
    {0x02F9AA, 2971, 1},
    {0x02F9AB, 2972, 1},
    {0x02F9AC, 2973, 1},
    {0x02F9AD, 2974, 1},
    {0x02F9AE, 2975, 1},
    {0x02F9AF, 2976, 1},
    {0x02F9B0, 2977, 1},
    {0x02F9B1, 2978, 1},
    {0x02F9B2, 2979, 1},
    {0x02F9B3, 2980, 1},
    {0x02F9B4, 2981, 1},
    {0x02F9B5, 2982, 1},
    {0x02F9B6, 2983, 1},
    {0x02F9B7, 2984, 1},
    {0x02F9B8, 2985, 1},
    {0x02F9B9, 2986, 1},
    {0x02F9BA, 2987, 1},
    {0x02F9BB, 2988, 1},
    {0x02F9BC, 2989, 1},
    {0x02F9BD, 2990, 1},
    {0x02F9BE, 2991, 1},
    {0x02F9BF, 2992, 1},
    {0x02F9C0, 2993, 1},
    {0x02F9C1, 2994, 1},
    {0x02F9C2, 2995, 1},
    {0x02F9C3, 2996, 1},
    {0x02F9C4, 2997, 1},
    {0x02F9C5, 2998, 1},
    {0x02F9C6, 2999, 1},
    {0x02F9C7, 3000, 1},
    {0x02F9C8, 3001, 1},
    {0x02F9C9, 3002, 1},
    {0x02F9CA, 3003, 1},
    {0x02F9CB, 3004, 1},
    {0x02F9CC, 3005, 1},
    {0x02F9CD, 3006, 1},
    {0x02F9CE, 3007, 1},
    {0x02F9CF, 3008, 1},
    {0x02F9D0, 3009, 1},
    {0x02F9D1, 3010, 1},
    {0x02F9D2, 3011, 1},
    {0x02F9D3, 3012, 1},
    {0x02F9D4, 3013, 1},
    {0x02F9D5, 3014, 1},
    {0x02F9D6, 3015, 1},
    {0x02F9D7, 3016, 1},
    {0x02F9D8, 3017, 1},
    {0x02F9D9, 3018, 1},
    {0x02F9DA, 3019, 1},
    {0x02F9DB, 3020, 1},
    {0x02F9DC, 3021, 1},
    {0x02F9DD, 3022, 1},
    {0x02F9DE, 3023, 1},
    {0x02F9DF, 3024, 1},
    {0x02F9E0, 3025, 1},
    {0x02F9E1, 3026, 1},
    {0x02F9E2, 3027, 1},
    {0x02F9E3, 3028, 1},
    {0x02F9E4, 3029, 1},
    {0x02F9E5, 3030, 1},
    {0x02F9E6, 3031, 1},
    {0x02F9E7, 3032, 1},
    {0x02F9E8, 3033, 1},
    {0x02F9E9, 3034, 1},
    {0x02F9EA, 3035, 1},
    {0x02F9EB, 3036, 1},
    {0x02F9EC, 3037, 1},
    {0x02F9ED, 3038, 1},
    {0x02F9EE, 3039, 1},
    {0x02F9EF, 3040, 1},
    {0x02F9F0, 3041, 1},
    {0x02F9F1, 3042, 1},
    {0x02F9F2, 3043, 1},
    {0x02F9F3, 3044, 1},
    {0x02F9F4, 3045, 1},
    {0x02F9F5, 3046, 1},
    {0x02F9F6, 3047, 1},
    {0x02F9F7, 3048, 1},
    {0x02F9F8, 3049, 1},
    {0x02F9F9, 3050, 1},
    {0x02F9FA, 3051, 1},
    {0x02F9FB, 3052, 1},
    {0x02F9FC, 3053, 1},
    {0x02F9FD, 3054, 1},
    {0x02F9FE, 3055, 1},
    {0x02F9FF, 3056, 1},
    {0x02FA00, 3057, 1},
    {0x02FA01, 3058, 1},
    {0x02FA02, 3059, 1},
    {0x02FA03, 3060, 1},
    {0x02FA04, 3061, 1},
    {0x02FA05, 3062, 1},
    {0x02FA06, 3063, 1},
    {0x02FA07, 3064, 1},
    {0x02FA08, 3065, 1},
    {0x02FA09, 3066, 1},
    {0x02FA0A, 3067, 1},
    {0x02FA0B, 3068, 1},
    {0x02FA0C, 3069, 1},
    {0x02FA0D, 3070, 1},
    {0x02FA0E, 3071, 1},
    {0x02FA0F, 3072, 1},
    {0x02FA10, 3073, 1},
    {0x02FA11, 3074, 1},
    {0x02FA12, 3075, 1},
    {0x02FA13, 3076, 1},
    {0x02FA14, 3077, 1},
    {0x02FA15, 3078, 1},
    {0x02FA16, 3079, 1},
    {0x02FA17, 3080, 1},
    {0x02FA18, 3081, 1},
    {0x02FA19, 3082, 1},
    {0x02FA1A, 3083, 1},
    {0x02FA1B, 3084, 1},
    {0x02FA1C, 3085, 1},
    {0x02FA1D, 3086, 1},
};
inline constexpr size_t kCanonicalDecompCount = 2061;

// 912 codepoints with non-zero canonical combining class.
inline constexpr CpEntry kCombiningClass[] = {
    {0x000300, 230},
    {0x000301, 230},
    {0x000302, 230},
    {0x000303, 230},
    {0x000304, 230},
    {0x000305, 230},
    {0x000306, 230},
    {0x000307, 230},
    {0x000308, 230},
    {0x000309, 230},
    {0x00030A, 230},
    {0x00030B, 230},
    {0x00030C, 230},
    {0x00030D, 230},
    {0x00030E, 230},
    {0x00030F, 230},
    {0x000310, 230},
    {0x000311, 230},
    {0x000312, 230},
    {0x000313, 230},
    {0x000314, 230},
    {0x000315, 232},
    {0x000316, 220},
    {0x000317, 220},
    {0x000318, 220},
    {0x000319, 220},
    {0x00031A, 232},
    {0x00031B, 216},
    {0x00031C, 220},
    {0x00031D, 220},
    {0x00031E, 220},
    {0x00031F, 220},
    {0x000320, 220},
    {0x000321, 202},
    {0x000322, 202},
    {0x000323, 220},
    {0x000324, 220},
    {0x000325, 220},
    {0x000326, 220},
    {0x000327, 202},
    {0x000328, 202},
    {0x000329, 220},
    {0x00032A, 220},
    {0x00032B, 220},
    {0x00032C, 220},
    {0x00032D, 220},
    {0x00032E, 220},
    {0x00032F, 220},
    {0x000330, 220},
    {0x000331, 220},
    {0x000332, 220},
    {0x000333, 220},
    {0x000334, 1},
    {0x000335, 1},
    {0x000336, 1},
    {0x000337, 1},
    {0x000338, 1},
    {0x000339, 220},
    {0x00033A, 220},
    {0x00033B, 220},
    {0x00033C, 220},
    {0x00033D, 230},
    {0x00033E, 230},
    {0x00033F, 230},
    {0x000340, 230},
    {0x000341, 230},
    {0x000342, 230},
    {0x000343, 230},
    {0x000344, 230},
    {0x000345, 240},
    {0x000346, 230},
    {0x000347, 220},
    {0x000348, 220},
    {0x000349, 220},
    {0x00034A, 230},
    {0x00034B, 230},
    {0x00034C, 230},
    {0x00034D, 220},
    {0x00034E, 220},
    {0x000350, 230},
    {0x000351, 230},
    {0x000352, 230},
    {0x000353, 220},
    {0x000354, 220},
    {0x000355, 220},
    {0x000356, 220},
    {0x000357, 230},
    {0x000358, 232},
    {0x000359, 220},
    {0x00035A, 220},
    {0x00035B, 230},
    {0x00035C, 233},
    {0x00035D, 234},
    {0x00035E, 234},
    {0x00035F, 233},
    {0x000360, 234},
    {0x000361, 234},
    {0x000362, 233},
    {0x000363, 230},
    {0x000364, 230},
    {0x000365, 230},
    {0x000366, 230},
    {0x000367, 230},
    {0x000368, 230},
    {0x000369, 230},
    {0x00036A, 230},
    {0x00036B, 230},
    {0x00036C, 230},
    {0x00036D, 230},
    {0x00036E, 230},
    {0x00036F, 230},
    {0x000483, 230},
    {0x000484, 230},
    {0x000485, 230},
    {0x000486, 230},
    {0x000487, 230},
    {0x000591, 220},
    {0x000592, 230},
    {0x000593, 230},
    {0x000594, 230},
    {0x000595, 230},
    {0x000596, 220},
    {0x000597, 230},
    {0x000598, 230},
    {0x000599, 230},
    {0x00059A, 222},
    {0x00059B, 220},
    {0x00059C, 230},
    {0x00059D, 230},
    {0x00059E, 230},
    {0x00059F, 230},
    {0x0005A0, 230},
    {0x0005A1, 230},
    {0x0005A2, 220},
    {0x0005A3, 220},
    {0x0005A4, 220},
    {0x0005A5, 220},
    {0x0005A6, 220},
    {0x0005A7, 220},
    {0x0005A8, 230},
    {0x0005A9, 230},
    {0x0005AA, 220},
    {0x0005AB, 230},
    {0x0005AC, 230},
    {0x0005AD, 222},
    {0x0005AE, 228},
    {0x0005AF, 230},
    {0x0005B0, 10},
    {0x0005B1, 11},
    {0x0005B2, 12},
    {0x0005B3, 13},
    {0x0005B4, 14},
    {0x0005B5, 15},
    {0x0005B6, 16},
    {0x0005B7, 17},
    {0x0005B8, 18},
    {0x0005B9, 19},
    {0x0005BA, 19},
    {0x0005BB, 20},
    {0x0005BC, 21},
    {0x0005BD, 22},
    {0x0005BF, 23},
    {0x0005C1, 24},
    {0x0005C2, 25},
    {0x0005C4, 230},
    {0x0005C5, 220},
    {0x0005C7, 18},
    {0x000610, 230},
    {0x000611, 230},
    {0x000612, 230},
    {0x000613, 230},
    {0x000614, 230},
    {0x000615, 230},
    {0x000616, 230},
    {0x000617, 230},
    {0x000618, 30},
    {0x000619, 31},
    {0x00061A, 32},
    {0x00064B, 27},
    {0x00064C, 28},
    {0x00064D, 29},
    {0x00064E, 30},
    {0x00064F, 31},
    {0x000650, 32},
    {0x000651, 33},
    {0x000652, 34},
    {0x000653, 230},
    {0x000654, 230},
    {0x000655, 220},
    {0x000656, 220},
    {0x000657, 230},
    {0x000658, 230},
    {0x000659, 230},
    {0x00065A, 230},
    {0x00065B, 230},
    {0x00065C, 220},
    {0x00065D, 230},
    {0x00065E, 230},
    {0x00065F, 220},
    {0x000670, 35},
    {0x0006D6, 230},
    {0x0006D7, 230},
    {0x0006D8, 230},
    {0x0006D9, 230},
    {0x0006DA, 230},
    {0x0006DB, 230},
    {0x0006DC, 230},
    {0x0006DF, 230},
    {0x0006E0, 230},
    {0x0006E1, 230},
    {0x0006E2, 230},
    {0x0006E3, 220},
    {0x0006E4, 230},
    {0x0006E7, 230},
    {0x0006E8, 230},
    {0x0006EA, 220},
    {0x0006EB, 230},
    {0x0006EC, 230},
    {0x0006ED, 220},
    {0x000711, 36},
    {0x000730, 230},
    {0x000731, 220},
    {0x000732, 230},
    {0x000733, 230},
    {0x000734, 220},
    {0x000735, 230},
    {0x000736, 230},
    {0x000737, 220},
    {0x000738, 220},
    {0x000739, 220},
    {0x00073A, 230},
    {0x00073B, 220},
    {0x00073C, 220},
    {0x00073D, 230},
    {0x00073E, 220},
    {0x00073F, 230},
    {0x000740, 230},
    {0x000741, 230},
    {0x000742, 220},
    {0x000743, 230},
    {0x000744, 220},
    {0x000745, 230},
    {0x000746, 220},
    {0x000747, 230},
    {0x000748, 220},
    {0x000749, 230},
    {0x00074A, 230},
    {0x0007EB, 230},
    {0x0007EC, 230},
    {0x0007ED, 230},
    {0x0007EE, 230},
    {0x0007EF, 230},
    {0x0007F0, 230},
    {0x0007F1, 230},
    {0x0007F2, 220},
    {0x0007F3, 230},
    {0x0007FD, 220},
    {0x000816, 230},
    {0x000817, 230},
    {0x000818, 230},
    {0x000819, 230},
    {0x00081B, 230},
    {0x00081C, 230},
    {0x00081D, 230},
    {0x00081E, 230},
    {0x00081F, 230},
    {0x000820, 230},
    {0x000821, 230},
    {0x000822, 230},
    {0x000823, 230},
    {0x000825, 230},
    {0x000826, 230},
    {0x000827, 230},
    {0x000829, 230},
    {0x00082A, 230},
    {0x00082B, 230},
    {0x00082C, 230},
    {0x00082D, 230},
    {0x000859, 220},
    {0x00085A, 220},
    {0x00085B, 220},
    {0x000898, 230},
    {0x000899, 220},
    {0x00089A, 220},
    {0x00089B, 220},
    {0x00089C, 230},
    {0x00089D, 230},
    {0x00089E, 230},
    {0x00089F, 230},
    {0x0008CA, 230},
    {0x0008CB, 230},
    {0x0008CC, 230},
    {0x0008CD, 230},
    {0x0008CE, 230},
    {0x0008CF, 220},
    {0x0008D0, 220},
    {0x0008D1, 220},
    {0x0008D2, 220},
    {0x0008D3, 220},
    {0x0008D4, 230},
    {0x0008D5, 230},
    {0x0008D6, 230},
    {0x0008D7, 230},
    {0x0008D8, 230},
    {0x0008D9, 230},
    {0x0008DA, 230},
    {0x0008DB, 230},
    {0x0008DC, 230},
    {0x0008DD, 230},
    {0x0008DE, 230},
    {0x0008DF, 230},
    {0x0008E0, 230},
    {0x0008E1, 230},
    {0x0008E3, 220},
    {0x0008E4, 230},
    {0x0008E5, 230},
    {0x0008E6, 220},
    {0x0008E7, 230},
    {0x0008E8, 230},
    {0x0008E9, 220},
    {0x0008EA, 230},
    {0x0008EB, 230},
    {0x0008EC, 230},
    {0x0008ED, 220},
    {0x0008EE, 220},
    {0x0008EF, 220},
    {0x0008F0, 27},
    {0x0008F1, 28},
    {0x0008F2, 29},
    {0x0008F3, 230},
    {0x0008F4, 230},
    {0x0008F5, 230},
    {0x0008F6, 220},
    {0x0008F7, 230},
    {0x0008F8, 230},
    {0x0008F9, 220},
    {0x0008FA, 220},
    {0x0008FB, 230},
    {0x0008FC, 230},
    {0x0008FD, 230},
    {0x0008FE, 230},
    {0x0008FF, 230},
    {0x00093C, 7},
    {0x00094D, 9},
    {0x000951, 230},
    {0x000952, 220},
    {0x000953, 230},
    {0x000954, 230},
    {0x0009BC, 7},
    {0x0009CD, 9},
    {0x0009FE, 230},
    {0x000A3C, 7},
    {0x000A4D, 9},
    {0x000ABC, 7},
    {0x000ACD, 9},
    {0x000B3C, 7},
    {0x000B4D, 9},
    {0x000BCD, 9},
    {0x000C3C, 7},
    {0x000C4D, 9},
    {0x000C55, 84},
    {0x000C56, 91},
    {0x000CBC, 7},
    {0x000CCD, 9},
    {0x000D3B, 9},
    {0x000D3C, 9},
    {0x000D4D, 9},
    {0x000DCA, 9},
    {0x000E38, 103},
    {0x000E39, 103},
    {0x000E3A, 9},
    {0x000E48, 107},
    {0x000E49, 107},
    {0x000E4A, 107},
    {0x000E4B, 107},
    {0x000EB8, 118},
    {0x000EB9, 118},
    {0x000EBA, 9},
    {0x000EC8, 122},
    {0x000EC9, 122},
    {0x000ECA, 122},
    {0x000ECB, 122},
    {0x000F18, 220},
    {0x000F19, 220},
    {0x000F35, 220},
    {0x000F37, 220},
    {0x000F39, 216},
    {0x000F71, 129},
    {0x000F72, 130},
    {0x000F74, 132},
    {0x000F7A, 130},
    {0x000F7B, 130},
    {0x000F7C, 130},
    {0x000F7D, 130},
    {0x000F80, 130},
    {0x000F82, 230},
    {0x000F83, 230},
    {0x000F84, 9},
    {0x000F86, 230},
    {0x000F87, 230},
    {0x000FC6, 220},
    {0x001037, 7},
    {0x001039, 9},
    {0x00103A, 9},
    {0x00108D, 220},
    {0x00135D, 230},
    {0x00135E, 230},
    {0x00135F, 230},
    {0x001714, 9},
    {0x001715, 9},
    {0x001734, 9},
    {0x0017D2, 9},
    {0x0017DD, 230},
    {0x0018A9, 228},
    {0x001939, 222},
    {0x00193A, 230},
    {0x00193B, 220},
    {0x001A17, 230},
    {0x001A18, 220},
    {0x001A60, 9},
    {0x001A75, 230},
    {0x001A76, 230},
    {0x001A77, 230},
    {0x001A78, 230},
    {0x001A79, 230},
    {0x001A7A, 230},
    {0x001A7B, 230},
    {0x001A7C, 230},
    {0x001A7F, 220},
    {0x001AB0, 230},
    {0x001AB1, 230},
    {0x001AB2, 230},
    {0x001AB3, 230},
    {0x001AB4, 230},
    {0x001AB5, 220},
    {0x001AB6, 220},
    {0x001AB7, 220},
    {0x001AB8, 220},
    {0x001AB9, 220},
    {0x001ABA, 220},
    {0x001ABB, 230},
    {0x001ABC, 230},
    {0x001ABD, 220},
    {0x001ABF, 220},
    {0x001AC0, 220},
    {0x001AC1, 230},
    {0x001AC2, 230},
    {0x001AC3, 220},
    {0x001AC4, 220},
    {0x001AC5, 230},
    {0x001AC6, 230},
    {0x001AC7, 230},
    {0x001AC8, 230},
    {0x001AC9, 230},
    {0x001ACA, 220},
    {0x001ACB, 230},
    {0x001ACC, 230},
    {0x001ACD, 230},
    {0x001ACE, 230},
    {0x001B34, 7},
    {0x001B44, 9},
    {0x001B6B, 230},
    {0x001B6C, 220},
    {0x001B6D, 230},
    {0x001B6E, 230},
    {0x001B6F, 230},
    {0x001B70, 230},
    {0x001B71, 230},
    {0x001B72, 230},
    {0x001B73, 230},
    {0x001BAA, 9},
    {0x001BAB, 9},
    {0x001BE6, 7},
    {0x001BF2, 9},
    {0x001BF3, 9},
    {0x001C37, 7},
    {0x001CD0, 230},
    {0x001CD1, 230},
    {0x001CD2, 230},
    {0x001CD4, 1},
    {0x001CD5, 220},
    {0x001CD6, 220},
    {0x001CD7, 220},
    {0x001CD8, 220},
    {0x001CD9, 220},
    {0x001CDA, 230},
    {0x001CDB, 230},
    {0x001CDC, 220},
    {0x001CDD, 220},
    {0x001CDE, 220},
    {0x001CDF, 220},
    {0x001CE0, 230},
    {0x001CE2, 1},
    {0x001CE3, 1},
    {0x001CE4, 1},
    {0x001CE5, 1},
    {0x001CE6, 1},
    {0x001CE7, 1},
    {0x001CE8, 1},
    {0x001CED, 220},
    {0x001CF4, 230},
    {0x001CF8, 230},
    {0x001CF9, 230},
    {0x001DC0, 230},
    {0x001DC1, 230},
    {0x001DC2, 220},
    {0x001DC3, 230},
    {0x001DC4, 230},
    {0x001DC5, 230},
    {0x001DC6, 230},
    {0x001DC7, 230},
    {0x001DC8, 230},
    {0x001DC9, 230},
    {0x001DCA, 220},
    {0x001DCB, 230},
    {0x001DCC, 230},
    {0x001DCD, 234},
    {0x001DCE, 214},
    {0x001DCF, 220},
    {0x001DD0, 202},
    {0x001DD1, 230},
    {0x001DD2, 230},
    {0x001DD3, 230},
    {0x001DD4, 230},
    {0x001DD5, 230},
    {0x001DD6, 230},
    {0x001DD7, 230},
    {0x001DD8, 230},
    {0x001DD9, 230},
    {0x001DDA, 230},
    {0x001DDB, 230},
    {0x001DDC, 230},
    {0x001DDD, 230},
    {0x001DDE, 230},
    {0x001DDF, 230},
    {0x001DE0, 230},
    {0x001DE1, 230},
    {0x001DE2, 230},
    {0x001DE3, 230},
    {0x001DE4, 230},
    {0x001DE5, 230},
    {0x001DE6, 230},
    {0x001DE7, 230},
    {0x001DE8, 230},
    {0x001DE9, 230},
    {0x001DEA, 230},
    {0x001DEB, 230},
    {0x001DEC, 230},
    {0x001DED, 230},
    {0x001DEE, 230},
    {0x001DEF, 230},
    {0x001DF0, 230},
    {0x001DF1, 230},
    {0x001DF2, 230},
    {0x001DF3, 230},
    {0x001DF4, 230},
    {0x001DF5, 230},
    {0x001DF6, 232},
    {0x001DF7, 228},
    {0x001DF8, 228},
    {0x001DF9, 220},
    {0x001DFA, 218},
    {0x001DFB, 230},
    {0x001DFC, 233},
    {0x001DFD, 220},
    {0x001DFE, 230},
    {0x001DFF, 220},
    {0x0020D0, 230},
    {0x0020D1, 230},
    {0x0020D2, 1},
    {0x0020D3, 1},
    {0x0020D4, 230},
    {0x0020D5, 230},
    {0x0020D6, 230},
    {0x0020D7, 230},
    {0x0020D8, 1},
    {0x0020D9, 1},
    {0x0020DA, 1},
    {0x0020DB, 230},
    {0x0020DC, 230},
    {0x0020E1, 230},
    {0x0020E5, 1},
    {0x0020E6, 1},
    {0x0020E7, 230},
    {0x0020E8, 220},
    {0x0020E9, 230},
    {0x0020EA, 1},
    {0x0020EB, 1},
    {0x0020EC, 220},
    {0x0020ED, 220},
    {0x0020EE, 220},
    {0x0020EF, 220},
    {0x0020F0, 230},
    {0x002CEF, 230},
    {0x002CF0, 230},
    {0x002CF1, 230},
    {0x002D7F, 9},
    {0x002DE0, 230},
    {0x002DE1, 230},
    {0x002DE2, 230},
    {0x002DE3, 230},
    {0x002DE4, 230},
    {0x002DE5, 230},
    {0x002DE6, 230},
    {0x002DE7, 230},
    {0x002DE8, 230},
    {0x002DE9, 230},
    {0x002DEA, 230},
    {0x002DEB, 230},
    {0x002DEC, 230},
    {0x002DED, 230},
    {0x002DEE, 230},
    {0x002DEF, 230},
    {0x002DF0, 230},
    {0x002DF1, 230},
    {0x002DF2, 230},
    {0x002DF3, 230},
    {0x002DF4, 230},
    {0x002DF5, 230},
    {0x002DF6, 230},
    {0x002DF7, 230},
    {0x002DF8, 230},
    {0x002DF9, 230},
    {0x002DFA, 230},
    {0x002DFB, 230},
    {0x002DFC, 230},
    {0x002DFD, 230},
    {0x002DFE, 230},
    {0x002DFF, 230},
    {0x00302A, 218},
    {0x00302B, 228},
    {0x00302C, 232},
    {0x00302D, 222},
    {0x00302E, 224},
    {0x00302F, 224},
    {0x003099, 8},
    {0x00309A, 8},
    {0x00A66F, 230},
    {0x00A674, 230},
    {0x00A675, 230},
    {0x00A676, 230},
    {0x00A677, 230},
    {0x00A678, 230},
    {0x00A679, 230},
    {0x00A67A, 230},
    {0x00A67B, 230},
    {0x00A67C, 230},
    {0x00A67D, 230},
    {0x00A69E, 230},
    {0x00A69F, 230},
    {0x00A6F0, 230},
    {0x00A6F1, 230},
    {0x00A806, 9},
    {0x00A82C, 9},
    {0x00A8C4, 9},
    {0x00A8E0, 230},
    {0x00A8E1, 230},
    {0x00A8E2, 230},
    {0x00A8E3, 230},
    {0x00A8E4, 230},
    {0x00A8E5, 230},
    {0x00A8E6, 230},
    {0x00A8E7, 230},
    {0x00A8E8, 230},
    {0x00A8E9, 230},
    {0x00A8EA, 230},
    {0x00A8EB, 230},
    {0x00A8EC, 230},
    {0x00A8ED, 230},
    {0x00A8EE, 230},
    {0x00A8EF, 230},
    {0x00A8F0, 230},
    {0x00A8F1, 230},
    {0x00A92B, 220},
    {0x00A92C, 220},
    {0x00A92D, 220},
    {0x00A953, 9},
    {0x00A9B3, 7},
    {0x00A9C0, 9},
    {0x00AAB0, 230},
    {0x00AAB2, 230},
    {0x00AAB3, 230},
    {0x00AAB4, 220},
    {0x00AAB7, 230},
    {0x00AAB8, 230},
    {0x00AABE, 230},
    {0x00AABF, 230},
    {0x00AAC1, 230},
    {0x00AAF6, 9},
    {0x00ABED, 9},
    {0x00FB1E, 26},
    {0x00FE20, 230},
    {0x00FE21, 230},
    {0x00FE22, 230},
    {0x00FE23, 230},
    {0x00FE24, 230},
    {0x00FE25, 230},
    {0x00FE26, 230},
    {0x00FE27, 220},
    {0x00FE28, 220},
    {0x00FE29, 220},
    {0x00FE2A, 220},
    {0x00FE2B, 220},
    {0x00FE2C, 220},
    {0x00FE2D, 220},
    {0x00FE2E, 230},
    {0x00FE2F, 230},
    {0x0101FD, 220},
    {0x0102E0, 220},
    {0x010376, 230},
    {0x010377, 230},
    {0x010378, 230},
    {0x010379, 230},
    {0x01037A, 230},
    {0x010A0D, 220},
    {0x010A0F, 230},
    {0x010A38, 230},
    {0x010A39, 1},
    {0x010A3A, 220},
    {0x010A3F, 9},
    {0x010AE5, 230},
    {0x010AE6, 220},
    {0x010D24, 230},
    {0x010D25, 230},
    {0x010D26, 230},
    {0x010D27, 230},
    {0x010EAB, 230},
    {0x010EAC, 230},
    {0x010F46, 220},
    {0x010F47, 220},
    {0x010F48, 230},
    {0x010F49, 230},
    {0x010F4A, 230},
    {0x010F4B, 220},
    {0x010F4C, 230},
    {0x010F4D, 220},
    {0x010F4E, 220},
    {0x010F4F, 220},
    {0x010F50, 220},
    {0x010F82, 230},
    {0x010F83, 220},
    {0x010F84, 230},
    {0x010F85, 220},
    {0x011046, 9},
    {0x011070, 9},
    {0x01107F, 9},
    {0x0110B9, 9},
    {0x0110BA, 7},
    {0x011100, 230},
    {0x011101, 230},
    {0x011102, 230},
    {0x011133, 9},
    {0x011134, 9},
    {0x011173, 7},
    {0x0111C0, 9},
    {0x0111CA, 7},
    {0x011235, 9},
    {0x011236, 7},
    {0x0112E9, 7},
    {0x0112EA, 9},
    {0x01133B, 7},
    {0x01133C, 7},
    {0x01134D, 9},
    {0x011366, 230},
    {0x011367, 230},
    {0x011368, 230},
    {0x011369, 230},
    {0x01136A, 230},
    {0x01136B, 230},
    {0x01136C, 230},
    {0x011370, 230},
    {0x011371, 230},
    {0x011372, 230},
    {0x011373, 230},
    {0x011374, 230},
    {0x011442, 9},
    {0x011446, 7},
    {0x01145E, 230},
    {0x0114C2, 9},
    {0x0114C3, 7},
    {0x0115BF, 9},
    {0x0115C0, 7},
    {0x01163F, 9},
    {0x0116B6, 9},
    {0x0116B7, 7},
    {0x01172B, 9},
    {0x011839, 9},
    {0x01183A, 7},
    {0x01193D, 9},
    {0x01193E, 9},
    {0x011943, 7},
    {0x0119E0, 9},
    {0x011A34, 9},
    {0x011A47, 9},
    {0x011A99, 9},
    {0x011C3F, 9},
    {0x011D42, 7},
    {0x011D44, 9},
    {0x011D45, 9},
    {0x011D97, 9},
    {0x016AF0, 1},
    {0x016AF1, 1},
    {0x016AF2, 1},
    {0x016AF3, 1},
    {0x016AF4, 1},
    {0x016B30, 230},
    {0x016B31, 230},
    {0x016B32, 230},
    {0x016B33, 230},
    {0x016B34, 230},
    {0x016B35, 230},
    {0x016B36, 230},
    {0x016FF0, 6},
    {0x016FF1, 6},
    {0x01BC9E, 1},
    {0x01D165, 216},
    {0x01D166, 216},
    {0x01D167, 1},
    {0x01D168, 1},
    {0x01D169, 1},
    {0x01D16D, 226},
    {0x01D16E, 216},
    {0x01D16F, 216},
    {0x01D170, 216},
    {0x01D171, 216},
    {0x01D172, 216},
    {0x01D17B, 220},
    {0x01D17C, 220},
    {0x01D17D, 220},
    {0x01D17E, 220},
    {0x01D17F, 220},
    {0x01D180, 220},
    {0x01D181, 220},
    {0x01D182, 220},
    {0x01D185, 230},
    {0x01D186, 230},
    {0x01D187, 230},
    {0x01D188, 230},
    {0x01D189, 230},
    {0x01D18A, 220},
    {0x01D18B, 220},
    {0x01D1AA, 230},
    {0x01D1AB, 230},
    {0x01D1AC, 230},
    {0x01D1AD, 230},
    {0x01D242, 230},
    {0x01D243, 230},
    {0x01D244, 230},
    {0x01E000, 230},
    {0x01E001, 230},
    {0x01E002, 230},
    {0x01E003, 230},
    {0x01E004, 230},
    {0x01E005, 230},
    {0x01E006, 230},
    {0x01E008, 230},
    {0x01E009, 230},
    {0x01E00A, 230},
    {0x01E00B, 230},
    {0x01E00C, 230},
    {0x01E00D, 230},
    {0x01E00E, 230},
    {0x01E00F, 230},
    {0x01E010, 230},
    {0x01E011, 230},
    {0x01E012, 230},
    {0x01E013, 230},
    {0x01E014, 230},
    {0x01E015, 230},
    {0x01E016, 230},
    {0x01E017, 230},
    {0x01E018, 230},
    {0x01E01B, 230},
    {0x01E01C, 230},
    {0x01E01D, 230},
    {0x01E01E, 230},
    {0x01E01F, 230},
    {0x01E020, 230},
    {0x01E021, 230},
    {0x01E023, 230},
    {0x01E024, 230},
    {0x01E026, 230},
    {0x01E027, 230},
    {0x01E028, 230},
    {0x01E029, 230},
    {0x01E02A, 230},
    {0x01E130, 230},
    {0x01E131, 230},
    {0x01E132, 230},
    {0x01E133, 230},
    {0x01E134, 230},
    {0x01E135, 230},
    {0x01E136, 230},
    {0x01E2AE, 230},
    {0x01E2EC, 230},
    {0x01E2ED, 230},
    {0x01E2EE, 230},
    {0x01E2EF, 230},
    {0x01E8D0, 220},
    {0x01E8D1, 220},
    {0x01E8D2, 220},
    {0x01E8D3, 220},
    {0x01E8D4, 220},
    {0x01E8D5, 220},
    {0x01E8D6, 220},
    {0x01E944, 230},
    {0x01E945, 230},
    {0x01E946, 230},
    {0x01E947, 230},
    {0x01E948, 230},
    {0x01E949, 230},
    {0x01E94A, 7},
};
inline constexpr size_t kCombiningClassCount = 912;

// 81 codepoints, from CompositionExclusions.txt (NOT derivable from unicodedata alone).
inline constexpr char32_t kCompositionExclusions[] = {
    0x000958, 0x000959, 0x00095A, 0x00095B, 0x00095C, 0x00095D, 0x00095E, 0x00095F, 0x0009DC, 0x0009DD, 0x0009DF, 0x000A33,
    0x000A36, 0x000A59, 0x000A5A, 0x000A5B, 0x000A5E, 0x000B5C, 0x000B5D, 0x000F43, 0x000F4D, 0x000F52, 0x000F57, 0x000F5C,
    0x000F69, 0x000F76, 0x000F78, 0x000F93, 0x000F9D, 0x000FA2, 0x000FA7, 0x000FAC, 0x000FB9, 0x002ADC, 0x00FB1D, 0x00FB1F,
    0x00FB2A, 0x00FB2B, 0x00FB2C, 0x00FB2D, 0x00FB2E, 0x00FB2F, 0x00FB30, 0x00FB31, 0x00FB32, 0x00FB33, 0x00FB34, 0x00FB35,
    0x00FB36, 0x00FB38, 0x00FB39, 0x00FB3A, 0x00FB3B, 0x00FB3C, 0x00FB3E, 0x00FB40, 0x00FB41, 0x00FB43, 0x00FB44, 0x00FB46,
    0x00FB47, 0x00FB48, 0x00FB49, 0x00FB4A, 0x00FB4B, 0x00FB4C, 0x00FB4D, 0x00FB4E, 0x01D15E, 0x01D15F, 0x01D160, 0x01D161,
    0x01D162, 0x01D163, 0x01D164, 0x01D1BB, 0x01D1BC, 0x01D1BD, 0x01D1BE, 0x01D1BF, 0x01D1C0,
};
inline constexpr size_t kCompositionExclusionsCount = 81;

} // namespace unicode_data
} // namespace loom
